{"stats":{"minecraft:mined":{"minecraft:oak_log":1,"minecraft:oak_leaves":2},"minecraft:picked_up":{"minecraft:oak_log":1,"minecraft:oak_sapling":1},"minecraft:custom":{"minecraft:jump":35,"minecraft:time_since_rest":3038,"minecraft:damage_dealt":10,"minecraft:crouch_one_cm":185,"minecraft:sprint_one_cm":2373,"minecraft:leave_game":2,"minecraft:play_time":3038,"minecraft:damage_taken":30,"minecraft:time_since_death":3038,"minecraft:walk_one_cm":3632,"minecraft:sneak_time":59,"minecraft:total_world_time":3038,"minecraft:fall_one_cm":516,"minecraft:fly_one_cm":4389}},"DataVersion":3465}