{"stats":{"minecraft:dropped":{"minecraft:wheat_seeds":1,"alexsmobs:animal_dictionary":1},"minecraft:picked_up":{"minecraft:arrow":1,"minecraft:bone":4,"minecraft:rotten_flesh":4,"biomesoplenty:jacaranda_log":1,"minecraft:wheat_seeds":2,"minecraft:hay_block":1,"minecraft:dirt":1,"minecraft:coal":23,"alexsmobs:animal_dictionary":2},"minecraft:crafted":{"biomesoplenty:jacaranda_planks":4,"minecraft:bread":3,"minecraft:wheat":9},"minecraft:mined":{"minecraft:coal_ore":23,"minecraft:hay_block":1,"biomesoplenty:jacaranda_log":1,"biomesoplenty:jacaranda_leaves":1,"minecraft:dirt":1,"biomesoplenty:sprout":9,"minecraft:oak_leaves":6,"minecraft:fern":7},"minecraft:custom":{"minecraft:open_chest":4,"minecraft:time_since_rest":6260,"minecraft:crouch_one_cm":334,"minecraft:play_time":23176,"minecraft:sprint_one_cm":18978,"minecraft:walk_one_cm":28322,"minecraft:damage_taken":950,"minecraft:deaths":3,"minecraft:sneak_time":467,"minecraft:mob_kills":4,"minecraft:drop":2,"minecraft:jump":131,"minecraft:damage_dealt":705,"minecraft:walk_on_water_one_cm":194,"minecraft:time_since_death":6221,"minecraft:total_world_time":23176,"minecraft:interact_with_crafting_table":1,"minecraft:player_kills":1,"minecraft:fall_one_cm":4210,"minecraft:fly_one_cm":15993},"minecraft:killed_by":{"minecraft:zombie":2},"minecraft:used":{"minecraft:bread":2,"minecraft:iron_pickaxe":23,"alexsmobs:animal_dictionary":1},"minecraft:killed":{"minecraft:zombie":3}},"DataVersion":3465}