{"stats":{"minecraft:custom":{"minecraft:interact_with_furnace":1,"minecraft:mob_kills":11,"minecraft:interact_with_crafting_table":10,"minecraft:open_barrel":17,"minecraft:time_since_death":22948,"minecraft:sleep_in_bed":1,"minecraft:climb_one_cm":54,"minecraft:time_since_rest":16598,"minecraft:sprint_one_cm":152446,"minecraft:damage_taken":2350,"minecraft:walk_one_cm":128467,"minecraft:damage_blocked_by_shield":450,"minecraft:drop":14,"minecraft:damage_dealt":2063,"minecraft:fly_one_cm":192346,"minecraft:open_chest":20,"minecraft:crouch_one_cm":2043,"minecraft:play_time":50387,"minecraft:deaths":6,"minecraft:sneak_time":477,"minecraft:walk_under_water_one_cm":8811,"minecraft:jump":777,"minecraft:interact_with_blast_furnace":30,"minecraft:walk_on_water_one_cm":16832,"minecraft:total_world_time":50387,"minecraft:fall_one_cm":14716},"minecraft:killed_by":{"alexsmobs:crocodile":1,"minecraft:skeleton":2,"minecraft:spider":2,"creeperoverhaul:beach_creeper":1},"minecraft:picked_up":{"minecraft:crafting_table":3,"minecraft:cooked_beef":19,"minecraft:oak_log":16,"minecraft:lapis_lazuli":14,"minecraft:string":7,"minecraft:red_bed":3,"minecraft:raw_copper":31,"minecraft:cooked_mutton":20,"minecraft:bone":2,"minecraft:apple":11,"minecraft:sea_pickle":1,"minecraft:wheat_seeds":2,"farmersdelight:cabbage":1,"minecraft:iron_ingot":16,"minecraft:iron_pickaxe":3,"minecraft:iron_sword":3,"farmersdelight:cabbage_seeds":4,"minecraft:furnace":1,"minecraft:stick":16,"minecraft:raw_iron":20,"minecraft:black_candle":6,"minecraft:torch":24,"farmersdelight:tomato_seeds":2,"minecraft:blast_furnace":2,"minecraft:spider_eye":1,"alexsmobs:animal_dictionary":3,"simplyswords:iron_twinblade":2,"minecraft:rotten_flesh":6,"minecraft:beetroot_seeds":8,"minecraft:coal":56,"minecraft:cobblestone":18},"minecraft:mined":{"minecraft:deepslate_redstone_ore":1,"minecraft:red_bed":1,"minecraft:crafting_table":3,"minecraft:torch":1,"minecraft:blast_furnace":1,"minecraft:copper_ore":8,"minecraft:lapis_ore":1,"biomesoplenty:dune_grass":12,"minecraft:wall_torch":3,"minecraft:large_fern":2,"farmersdelight:wild_beetroots":4,"minecraft:sea_pickle":1,"minecraft:iron_ore":8,"minecraft:deepslate_lapis_ore":1,"biomesoplenty:sea_oats":5,"minecraft:grass":4,"minecraft:coal_ore":19,"minecraft:deepslate_iron_ore":1,"minecraft:black_candle":1,"minecraft:stone":7},"minecraft:used":{"minecraft:cooked_mutton":8,"minecraft:shield":11,"minecraft:iron_sword":32,"minecraft:torch":14,"minecraft:crafting_table":1,"minecraft:red_bed":1,"minecraft:blast_furnace":1,"simplyswords:iron_twinblade":35,"minecraft:apple":3,"minecraft:iron_axe":3,"minecraft:iron_pickaxe":47,"minecraft:cobblestone":2,"alexsmobs:animal_dictionary":2,"minecraft:sea_pickle":1,"minecraft:cooked_beef":1},"minecraft:crafted":{"minecraft:oak_planks":32,"minecraft:iron_helmet":1,"minecraft:iron_sword":1,"minecraft:iron_boots":1,"minecraft:iron_chestplate":1,"minecraft:shield":1,"minecraft:iron_axe":1,"minecraft:stick":8,"minecraft:iron_ingot":51,"minecraft:iron_pickaxe":1,"minecraft:iron_leggings":1,"minecraft:torch":16},"minecraft:dropped":{"farmersdelight:tomato_seeds":2,"minecraft:iron_ingot":3,"minecraft:iron_sword":3,"minecraft:wheat_seeds":1,"minecraft:crafting_table":1,"farmersdelight:cabbage":1,"farmersdelight:cabbage_seeds":4,"minecraft:iron_pickaxe":1},"minecraft:killed":{"minecraft:spider":4,"minecraft:skeleton":1,"minecraft:zombie":5}},"DataVersion":3465}