{"stats":{"minecraft:dropped":{"alexsmobs:maggot":1,"minecraft:wheat_seeds":9,"alexsmobs:animal_dictionary":1,"minecraft:glass_bottle":1,"minecraft:filled_map":2,"minecraft:pumpkin_pie":2},"minecraft:picked_up":{"minecraft:wooden_pickaxe":1,"minecraft:potato":7,"minecraft:filled_map":1,"biomesoplenty:jacaranda_planks":2,"minecraft:amethyst_block":11,"minecraft:string":3,"minecraft:dirt":8,"fishofthieves:wildsplash":1,"minecraft:raw_copper":34,"minecraft:bone":6,"minecraft:wheat_seeds":18,"minecraft:stone_pickaxe":2,"minecraft:iron_pickaxe":1,"minecraft:glass_bottle":2,"minecraft:cyan_candle":24,"minecraft:spruce_slab":1,"minecraft:golden_helmet":1,"minecraft:stick":5,"minecraft:cooked_porkchop":2,"minecraft:spruce_stairs":6,"minecraft:jungle_planks":10,"minecraft:porkchop":2,"minecraft:stripped_spruce_log":6,"minecraft:spider_eye":1,"alexsmobs:animal_dictionary":2,"minecraft:sugar":1,"minecraft:stone_sword":1,"minecraft:arrow":7,"minecraft:rotten_flesh":18,"biomesoplenty:jacaranda_log":1,"minecraft:stone_axe":2,"minecraft:hay_block":11,"minecraft:spruce_sign":3,"minecraft:bread":21,"alexsmobs:maggot":1,"minecraft:coal":25,"minecraft:cobblestone":40},"minecraft:crafted":{"biomesoplenty:jacaranda_planks":4,"minecraft:bread":28,"minecraft:wheat":72},"minecraft:mined":{"biomesoplenty:jacaranda_leaves":1,"minecraft:large_amethyst_bud":2,"minecraft:glass_pane":1,"minecraft:budding_amethyst":2,"biomesoplenty:bush":8,"minecraft:calcite":1,"minecraft:grass_block":6,"minecraft:jungle_planks":2,"minecraft:copper_ore":12,"minecraft:tall_grass":13,"biomesoplenty:sprout":9,"minecraft:amethyst_block":11,"minecraft:hay_block":14,"biomesoplenty:jacaranda_log":1,"biomesoplenty:maple_leaves":2,"minecraft:stripped_spruce_log":3,"minecraft:grass":64,"minecraft:coal_ore":28,"minecraft:dirt":1,"minecraft:stone":57,"minecraft:cyan_candle":11,"minecraft:oak_leaves":6,"minecraft:spruce_slab":1,"minecraft:fern":9},"minecraft:custom":{"minecraft:interact_with_smithing_table":1,"minecraft:interact_with_furnace":1,"minecraft:mob_kills":23,"minecraft:interact_with_crafting_table":5,"minecraft:open_barrel":2,"minecraft:interact_with_grindstone":1,"minecraft:time_since_death":10726,"minecraft:sleep_in_bed":3,"minecraft:climb_one_cm":405,"minecraft:time_since_rest":7118,"minecraft:sprint_one_cm":154804,"minecraft:damage_taken":4483,"minecraft:walk_one_cm":191525,"minecraft:drop":16,"minecraft:damage_dealt":5548,"minecraft:player_kills":2,"minecraft:swim_one_cm":15460,"minecraft:talked_to_villager":1,"minecraft:fly_one_cm":115622,"minecraft:open_chest":41,"minecraft:crouch_one_cm":387,"minecraft:play_time":71176,"minecraft:deaths":16,"minecraft:sneak_time":582,"minecraft:walk_under_water_one_cm":6665,"minecraft:jump":758,"minecraft:walk_on_water_one_cm":28228,"minecraft:total_world_time":71176,"minecraft:fall_one_cm":23648},"minecraft:killed_by":{"minecraft:zombie_villager":1,"minecraft:player":1,"minecraft:skeleton":2,"minecraft:witch":1,"minecraft:zombie":6,"minecraft:drowned":1},"minecraft:used":{"minecraft:stone_sword":37,"minecraft:stone_pickaxe":12,"minecraft:wooden_pickaxe":11,"minecraft:spruce_sign":3,"minecraft:dirt":5,"minecraft:jungle_planks":4,"minecraft:spruce_stairs":3,"minecraft:bread":4,"minecraft:iron_pickaxe":113,"minecraft:golden_helmet":1,"minecraft:stone_axe":45,"minecraft:porkchop":2,"minecraft:cooked_porkchop":1,"alexsmobs:animal_dictionary":1},"minecraft:killed":{"minecraft:zombie_villager":1,"minecraft:spider":2,"minecraft:slime":1,"minecraft:skeleton":1,"minecraft:zombie":14,"alexsmobs:leafcutter_ant":1,"alexsmobs:fly":2}},"DataVersion":3465}