{"stats":{"minecraft:broken":{"minecraft:stone_pickaxe":1,"minecraft:iron_pickaxe":1},"minecraft:dropped":{"alexsmobs:maggot":1,"minecraft:wheat_seeds":18,"alexsmobs:animal_dictionary":1,"minecraft:glass_bottle":3,"minecraft:filled_map":2,"minecraft:potion":2,"minecraft:pumpkin_pie":2,"minecraft:string":3},"minecraft:picked_up":{"minecraft:charcoal":1,"minecraft:iron_chestplate":1,"minecraft:crafting_table":1,"minecraft:wooden_pickaxe":1,"minecraft:potato":7,"minecraft:filled_map":1,"minecraft:potion":4,"minecraft:oak_log":8,"biomesoplenty:jacaranda_planks":2,"minecraft:gunpowder":1,"minecraft:amethyst_block":11,"alexsmobs:gazelle_horn":1,"minecraft:string":9,"minecraft:dirt":34,"fishofthieves:wildsplash":1,"minecraft:raw_copper":110,"minecraft:iron_axe":1,"minecraft:bone":6,"minecraft:wheat_seeds":26,"minecraft:iron_ingot":5,"minecraft:spruce_planks":8,"minecraft:raw_gold":7,"minecraft:stone_pickaxe":3,"fishofthieves:earthworms":6,"alexscaves:curly_fern":1,"minecraft:iron_pickaxe":3,"minecraft:glass_bottle":3,"minecraft:cyan_candle":24,"minecraft:spruce_slab":1,"minecraft:chest":1,"minecraft:iron_sword":1,"minecraft:furnace":2,"minecraft:golden_helmet":1,"minecraft:raw_iron":32,"minecraft:stick":26,"minecraft:cooked_porkchop":2,"minecraft:torch":24,"minecraft:spruce_stairs":6,"minecraft:jungle_planks":10,"minecraft:porkchop":2,"minecraft:stripped_spruce_log":6,"minecraft:redstone":23,"minecraft:spider_eye":2,"alexsmobs:animal_dictionary":2,"minecraft:light_gray_candle":4,"minecraft:sugar":1,"minecraft:stone_sword":1,"minecraft:arrow":7,"minecraft:rotten_flesh":18,"biomesoplenty:jacaranda_log":1,"minecraft:stone_axe":2,"minecraft:hay_block":11,"minecraft:emerald":1,"minecraft:spruce_sign":3,"minecraft:bread":21,"alexsmobs:maggot":1,"minecraft:mutton":1,"minecraft:coal":79,"minecraft:cobblestone":363},"minecraft:crafted":{"minecraft:oak_planks":32,"biomesoplenty:jacaranda_planks":4,"minecraft:cooked_porkchop":10,"minecraft:iron_helmet":1,"minecraft:iron_sword":2,"minecraft:furnace":1,"minecraft:bucket":1,"minecraft:bread":28,"minecraft:iron_axe":1,"minecraft:iron_shovel":1,"minecraft:iron_hoe":1,"minecraft:stick":16,"minecraft:iron_pickaxe":2,"minecraft:iron_ingot":21,"minecraft:chest":2,"minecraft:torch":44,"minecraft:wheat":72},"minecraft:mined":{"biomesoplenty:jacaranda_leaves":1,"minecraft:large_amethyst_bud":2,"minecraft:white_bed":1,"minecraft:glass_pane":1,"minecraft:crafting_table":1,"minecraft:budding_amethyst":2,"biomesoplenty:bush":8,"minecraft:calcite":1,"minecraft:grass_block":7,"minecraft:jungle_planks":2,"minecraft:chest":1,"minecraft:cobblestone":2,"minecraft:copper_ore":33,"minecraft:tall_grass":13,"biomesoplenty:sprout":9,"minecraft:wall_torch":4,"minecraft:amethyst_block":11,"minecraft:hay_block":14,"minecraft:light_gray_candle":4,"biomesoplenty:jacaranda_log":1,"minecraft:redstone_ore":6,"minecraft:furnace":3,"minecraft:iron_ore":16,"biomesoplenty:maple_leaves":2,"minecraft:stripped_spruce_log":3,"biomesoplenty:hanging_cobweb":1,"minecraft:grass":66,"minecraft:oak_log":8,"minecraft:coal_ore":68,"minecraft:dirt":11,"minecraft:stone":315,"minecraft:gold_ore":7,"minecraft:cyan_candle":11,"minecraft:oak_leaves":7,"minecraft:spruce_slab":1,"minecraft:fern":9},"minecraft:custom":{"minecraft:interact_with_smithing_table":1,"minecraft:interact_with_furnace":39,"minecraft:mob_kills":26,"minecraft:interact_with_crafting_table":31,"minecraft:open_barrel":2,"minecraft:interact_with_grindstone":1,"minecraft:time_since_death":5610,"minecraft:sleep_in_bed":7,"minecraft:climb_one_cm":405,"minecraft:time_since_rest":5652,"minecraft:sprint_one_cm":237620,"minecraft:damage_taken":5013,"minecraft:walk_one_cm":317420,"minecraft:drop":29,"minecraft:damage_dealt":6198,"minecraft:player_kills":2,"minecraft:swim_one_cm":18458,"minecraft:talked_to_villager":1,"minecraft:fly_one_cm":192556,"minecraft:open_chest":57,"minecraft:crouch_one_cm":1218,"minecraft:play_time":119176,"minecraft:deaths":17,"minecraft:sneak_time":1228,"minecraft:walk_under_water_one_cm":10283,"minecraft:jump":1443,"minecraft:walk_on_water_one_cm":51828,"minecraft:total_world_time":119176,"minecraft:use_cauldron":1,"minecraft:fall_one_cm":33176},"minecraft:killed_by":{"minecraft:zombie_villager":1,"minecraft:player":1,"minecraft:skeleton":3,"minecraft:witch":1,"minecraft:zombie":6,"minecraft:drowned":1},"minecraft:used":{"minecraft:stone_sword":37,"minecraft:glass_bottle":17,"minecraft:stone_pickaxe":22,"minecraft:chest":3,"minecraft:wooden_pickaxe":11,"minecraft:iron_sword":14,"minecraft:spruce_sign":3,"minecraft:iron_chestplate":1,"minecraft:torch":11,"minecraft:dirt":6,"minecraft:crafting_table":1,"minecraft:jungle_planks":4,"minecraft:spruce_stairs":3,"minecraft:iron_axe":11,"minecraft:bread":12,"minecraft:iron_pickaxe":456,"minecraft:golden_helmet":1,"minecraft:stone_axe":45,"minecraft:cobblestone":32,"minecraft:potion":18,"minecraft:furnace":2,"minecraft:porkchop":2,"minecraft:cooked_porkchop":1,"minecraft:bucket":1,"alexsmobs:animal_dictionary":1},"minecraft:killed":{"minecraft:witch":1,"minecraft:zombie_villager":1,"minecraft:spider":2,"minecraft:slime":1,"minecraft:skeleton":2,"minecraft:zombie":14,"alexsmobs:leafcutter_ant":1,"alexsmobs:gazelle":1,"alexsmobs:fly":2}},"DataVersion":3465}