{"stats":{"minecraft:custom":{"minecraft:interact_with_furnace":1,"minecraft:mob_kills":21,"minecraft:interact_with_crafting_table":14,"minecraft:open_barrel":19,"minecraft:time_since_death":229,"minecraft:sleep_in_bed":2,"minecraft:climb_one_cm":54,"minecraft:time_since_rest":263,"minecraft:sprint_one_cm":223758,"minecraft:damage_taken":3315,"minecraft:walk_one_cm":210315,"minecraft:damage_blocked_by_shield":1170,"minecraft:drop":15,"minecraft:damage_dealt":4405,"minecraft:fly_one_cm":261885,"minecraft:open_chest":20,"minecraft:crouch_one_cm":4675,"minecraft:play_time":80387,"minecraft:deaths":9,"minecraft:sneak_time":1212,"minecraft:walk_under_water_one_cm":20539,"minecraft:jump":1218,"minecraft:interact_with_blast_furnace":30,"minecraft:walk_on_water_one_cm":36961,"minecraft:total_world_time":80387,"minecraft:fall_one_cm":26195},"minecraft:killed_by":{"alexsmobs:crocodile":1,"minecraft:skeleton":4,"minecraft:spider":3,"creeperoverhaul:beach_creeper":1},"minecraft:picked_up":{"minecraft:crafting_table":4,"minecraft:cooked_beef":19,"minecraft:oak_log":16,"minecraft:golden_boots":1,"minecraft:lapis_lazuli":14,"minecraft:string":9,"minecraft:red_bed":3,"minecraft:raw_copper":31,"minecraft:cooked_mutton":20,"minecraft:bone":2,"minecraft:apple":11,"minecraft:sea_pickle":1,"minecraft:wheat_seeds":2,"minecraft:cobbled_deepslate":8,"farmersdelight:cabbage":1,"minecraft:iron_ingot":40,"minecraft:iron_pickaxe":3,"minecraft:iron_sword":3,"farmersdelight:cabbage_seeds":4,"minecraft:furnace":2,"minecraft:stick":22,"minecraft:raw_iron":26,"minecraft:black_candle":6,"minecraft:torch":26,"farmersdelight:tomato_seeds":2,"minecraft:blast_furnace":2,"minecraft:spider_eye":1,"alexsmobs:animal_dictionary":3,"simplyswords:iron_twinblade":2,"minecraft:arrow":2,"minecraft:rotten_flesh":7,"minecraft:diamond":8,"minecraft:beetroot_seeds":8,"minecraft:coal":98,"minecraft:cobblestone":20},"minecraft:mined":{"minecraft:deepslate_redstone_ore":1,"minecraft:red_bed":1,"minecraft:deepslate_diamond_ore":8,"minecraft:crafting_table":4,"minecraft:torch":1,"minecraft:blast_furnace":1,"minecraft:copper_ore":8,"minecraft:cobblestone":2,"minecraft:deepslate_coal_ore":21,"minecraft:lapis_ore":1,"biomesoplenty:dune_grass":12,"minecraft:wall_torch":5,"minecraft:large_fern":2,"farmersdelight:wild_beetroots":4,"minecraft:furnace":1,"minecraft:sea_pickle":1,"minecraft:iron_ore":8,"minecraft:fire":3,"minecraft:cobbled_deepslate":2,"minecraft:deepslate_lapis_ore":1,"biomesoplenty:sea_oats":5,"minecraft:grass":4,"minecraft:coal_ore":22,"minecraft:deepslate_iron_ore":7,"minecraft:black_candle":1,"minecraft:stone":7,"minecraft:deepslate":6},"minecraft:used":{"minecraft:cooked_mutton":10,"minecraft:water_bucket":15,"minecraft:shield":22,"minecraft:iron_sword":79,"minecraft:torch":32,"minecraft:crafting_table":2,"minecraft:red_bed":2,"minecraft:blast_furnace":1,"simplyswords:iron_twinblade":35,"minecraft:apple":7,"minecraft:iron_axe":4,"minecraft:iron_pickaxe":71,"minecraft:cobblestone":10,"minecraft:furnace":1,"minecraft:bucket":16,"alexsmobs:animal_dictionary":2,"minecraft:sea_pickle":1,"minecraft:cooked_beef":1,"minecraft:cobbled_deepslate":2,"minecraft:golden_pickaxe":26},"minecraft:crafted":{"minecraft:oak_planks":32,"minecraft:iron_helmet":1,"minecraft:iron_sword":1,"minecraft:bucket":1,"minecraft:iron_boots":1,"minecraft:iron_chestplate":1,"minecraft:shield":1,"minecraft:iron_axe":2,"minecraft:stick":16,"minecraft:iron_ingot":51,"minecraft:iron_pickaxe":1,"minecraft:iron_leggings":1,"minecraft:torch":16},"minecraft:dropped":{"farmersdelight:tomato_seeds":2,"minecraft:iron_ingot":3,"minecraft:iron_sword":3,"minecraft:wheat_seeds":1,"minecraft:crafting_table":1,"farmersdelight:cabbage":1,"farmersdelight:cabbage_seeds":4,"minecraft:iron_axe":1,"minecraft:iron_pickaxe":1},"minecraft:killed":{"minecraft:spider":4,"minecraft:skeleton":1,"minecraft:zombie":13,"minecraft:enderman":1}},"DataVersion":3465}