{"stats":{"minecraft:broken":{"minecraft:stone_pickaxe":1,"minecraft:iron_pickaxe":1},"minecraft:dropped":{"minecraft:wheat_seeds":18,"minecraft:glass_bottle":4,"minecraft:scute":5,"minecraft:stick":1,"minecraft:potion":2,"minecraft:pumpkin_pie":2,"minecraft:string":4,"alexsmobs:maggot":1,"alexsmobs:animal_dictionary":1,"minecraft:filled_map":2},"minecraft:picked_up":{"minecraft:charcoal":1,"minecraft:crafting_table":1,"minecraft:iron_chestplate":1,"minecraft:wooden_pickaxe":1,"minecraft:potion":7,"minecraft:brewing_stand":6,"minecraft:amethyst_block":11,"alexsmobs:gazelle_horn":1,"minecraft:oak_trapdoor":1,"minecraft:string":14,"minecraft:raw_copper":110,"minecraft:iron_axe":1,"minecraft:iron_leggings":1,"minecraft:candle":3,"minecraft:spruce_planks":10,"minecraft:iron_pickaxe":3,"minecraft:spruce_slab":2,"minecraft:sugar_cane":6,"minecraft:chest":2,"minecraft:furnace":2,"minecraft:golden_helmet":1,"minecraft:stick":27,"minecraft:raw_iron":32,"minecraft:oak_fence":4,"minecraft:torch":32,"minecraft:spruce_stairs":6,"minecraft:porkchop":2,"minecraft:golden_axe":1,"minecraft:redstone":24,"minecraft:cauldron":2,"minecraft:stone_sword":1,"minecraft:arrow":7,"minecraft:rotten_flesh":18,"biomesoplenty:jacaranda_log":1,"minecraft:hay_block":11,"minecraft:glistering_melon_slice":1,"minecraft:mutton":1,"minecraft:iron_bars":1,"minecraft:cobblestone":363,"minecraft:potato":7,"minecraft:filled_map":1,"minecraft:oak_log":9,"minecraft:cobblestone_wall":2,"biomesoplenty:jacaranda_planks":2,"minecraft:gunpowder":1,"minecraft:dirt":34,"fishofthieves:wildsplash":1,"minecraft:bone":6,"minecraft:wheat_seeds":26,"minecraft:raw_gold":7,"minecraft:stone_pickaxe":3,"minecraft:iron_ingot":5,"fishofthieves:earthworms":6,"alexscaves:curly_fern":1,"minecraft:cyan_candle":24,"minecraft:glass_bottle":4,"minecraft:glowstone_dust":3,"minecraft:oak_planks":1,"minecraft:iron_sword":1,"endrem:witch_pupil":1,"minecraft:cooked_porkchop":2,"minecraft:jungle_planks":10,"minecraft:stripped_spruce_log":6,"alexsmobs:animal_dictionary":2,"minecraft:spider_eye":2,"minecraft:sugar":2,"minecraft:light_gray_candle":4,"minecraft:stone_axe":2,"minecraft:golden_horse_armor":1,"minecraft:spruce_sign":3,"minecraft:bread":21,"minecraft:emerald":4,"alexsmobs:maggot":1,"minecraft:coal":79,"minecraft:hopper":4},"minecraft:crafted":{"minecraft:oak_planks":32,"minecraft:furnace":1,"minecraft:iron_axe":1,"minecraft:iron_hoe":1,"minecraft:chest":2,"minecraft:wheat":72,"biomesoplenty:jacaranda_planks":4,"minecraft:cooked_porkchop":10,"minecraft:iron_helmet":1,"minecraft:iron_sword":2,"minecraft:bucket":1,"minecraft:bread":28,"farmersdelight:fried_egg":3,"minecraft:stick":16,"minecraft:iron_ingot":21,"minecraft:iron_pickaxe":2,"minecraft:iron_shovel":1,"minecraft:torch":44},"minecraft:mined":{"minecraft:large_amethyst_bud":2,"minecraft:spruce_planks":2,"biomesoplenty:watergrass":1,"minecraft:white_bed":1,"minecraft:candle":1,"minecraft:brewing_stand":6,"minecraft:budding_amethyst":2,"biomesoplenty:bush":8,"minecraft:grass_block":7,"minecraft:jungle_planks":2,"minecraft:hopper":4,"minecraft:hay_block":14,"biomesoplenty:jacaranda_log":1,"minecraft:redstone_ore":6,"minecraft:oak_trapdoor":1,"minecraft:furnace":3,"minecraft:iron_ore":16,"minecraft:stripped_spruce_log":3,"biomesoplenty:hanging_cobweb":1,"minecraft:water_cauldron":1,"minecraft:vine":2,"minecraft:iron_bars":1,"minecraft:stone":315,"minecraft:spruce_slab":2,"biomesoplenty:jacaranda_leaves":1,"minecraft:glass_pane":1,"minecraft:oak_fence":4,"minecraft:torch":2,"minecraft:crafting_table":1,"minecraft:calcite":1,"minecraft:chest":2,"minecraft:tall_grass":13,"minecraft:copper_ore":33,"minecraft:cobblestone":2,"biomesoplenty:sprout":9,"minecraft:oak_planks":1,"minecraft:sugar_cane":1,"minecraft:wall_torch":10,"minecraft:amethyst_block":11,"minecraft:cauldron":1,"minecraft:light_gray_candle":4,"minecraft:cobblestone_wall":1,"biomesoplenty:maple_leaves":2,"minecraft:grass":68,"minecraft:coal_ore":68,"minecraft:oak_log":9,"minecraft:dirt":11,"minecraft:cobweb":6,"minecraft:gold_ore":7,"minecraft:oak_leaves":7,"minecraft:cyan_candle":11,"minecraft:fern":9},"minecraft:custom":{"minecraft:interact_with_smithing_table":1,"minecraft:mob_kills":30,"minecraft:interact_with_crafting_table":31,"minecraft:open_barrel":18,"minecraft:time_since_death":17610,"minecraft:climb_one_cm":1445,"minecraft:sprint_one_cm":252957,"minecraft:walk_one_cm":362006,"minecraft:drop":33,"minecraft:talked_to_villager":1,"minecraft:play_time":131176,"minecraft:deaths":17,"minecraft:sneak_time":1228,"minecraft:walk_under_water_one_cm":10283,"minecraft:interact_with_brewingstand":5,"minecraft:jump":1486,"minecraft:walk_on_water_one_cm":52300,"minecraft:total_world_time":131176,"minecraft:interact_with_furnace":39,"minecraft:interact_with_grindstone":1,"minecraft:sleep_in_bed":7,"minecraft:time_since_rest":17652,"minecraft:damage_taken":5177,"minecraft:damage_dealt":7178,"minecraft:fly_one_cm":196413,"minecraft:swim_one_cm":18458,"minecraft:player_kills":2,"minecraft:open_chest":64,"minecraft:crouch_one_cm":1218,"minecraft:interact_with_smoker":3,"minecraft:fall_one_cm":33869,"minecraft:use_cauldron":4},"minecraft:killed_by":{"minecraft:zombie_villager":1,"minecraft:player":1,"minecraft:drowned":1,"minecraft:skeleton":3,"minecraft:witch":1,"minecraft:zombie":6},"minecraft:used":{"minecraft:stone_sword":37,"minecraft:iron_shovel":1,"minecraft:chest":4,"minecraft:iron_sword":39,"minecraft:iron_chestplate":1,"minecraft:torch":19,"minecraft:dirt":6,"minecraft:jungle_planks":4,"minecraft:spruce_stairs":3,"minecraft:iron_axe":25,"minecraft:furnace":2,"minecraft:glass_bottle":22,"minecraft:stone_pickaxe":22,"minecraft:wooden_pickaxe":11,"minecraft:spruce_sign":3,"minecraft:crafting_table":1,"minecraft:oak_log":1,"minecraft:bread":12,"minecraft:iron_pickaxe":471,"minecraft:golden_helmet":1,"minecraft:stone_axe":45,"minecraft:cobblestone":32,"minecraft:potion":24,"minecraft:cooked_porkchop":3,"minecraft:porkchop":2,"minecraft:bucket":1,"alexsmobs:animal_dictionary":1,"minecraft:air":1},"minecraft:killed":{"minecraft:witch":4,"minecraft:spider":2,"minecraft:slime":1,"minecraft:skeleton":3,"alexsmobs:leafcutter_ant":1,"minecraft:zombie_villager":1,"minecraft:zombie":14,"alexsmobs:gazelle":1,"alexsmobs:fly":2}},"DataVersion":3465}