{"stats":{"minecraft:dropped":{"alexsmobs:animal_dictionary":1,"minecraft:wheat_seeds":1},"minecraft:picked_up":{"minecraft:bone":2,"minecraft:arrow":1,"alexsmobs:animal_dictionary":2,"minecraft:wheat_seeds":1},"minecraft:mined":{"biomesoplenty:sprout":4,"minecraft:fern":3},"minecraft:custom":{"minecraft:jump":22,"minecraft:time_since_rest":4057,"minecraft:deaths":1,"minecraft:sprint_one_cm":590,"minecraft:damage_dealt":30,"minecraft:damage_taken":260,"minecraft:play_time":11176,"minecraft:time_since_death":0,"minecraft:walk_one_cm":5352,"minecraft:total_world_time":11176,"minecraft:fall_one_cm":848,"minecraft:drop":2,"minecraft:fly_one_cm":1365,"minecraft:player_kills":1},"minecraft:used":{"alexsmobs:animal_dictionary":1}},"DataVersion":3465}