{"stats":{"minecraft:dropped":{"minecraft:black_wool":3},"minecraft:picked_up":{"minecraft:wooden_axe":3,"minecraft:cocoa_beans":18,"minecraft:crafting_table":1,"minecraft:wheat":40,"minecraft:water_bucket":4,"minecraft:jungle_log":2,"minecraft:wooden_pickaxe":9,"minecraft:potato":17,"minecraft:potion":2,"minecraft:oak_log":5,"minecraft:shield":2,"biomesoplenty:jacaranda_planks":88,"minecraft:gunpowder":5,"alexsmobs:cooked_catfish":23,"minecraft:string":3,"minecraft:moss_carpet":1,"minecraft:compass":5,"minecraft:bone":3,"minecraft:apple":19,"minecraft:wheat_seeds":27,"minecraft:iron_ingot":8,"minecraft:stone_pickaxe":3,"minecraft:cobblestone_slab":8,"minecraft:poppy":3,"minecraft:glass_bottle":3,"minecraft:iron_sword":5,"minecraft:oak_planks":40,"minecraft:furnace":1,"minecraft:raw_iron":21,"minecraft:stick":1,"minecraft:torch":1,"minecraft:porkchop":19,"minecraft:jungle_planks":12,"minecraft:spider_eye":2,"alexsmobs:animal_dictionary":5,"alexsmobs:raw_catfish":12,"minecraft:arrow":14,"biomesoplenty:willow_log":3,"biomesoplenty:jacaranda_log":5,"minecraft:stone_axe":1,"minecraft:emerald":11,"minecraft:black_wool":15,"minecraft:coal":21,"minecraft:cobblestone":97},"minecraft:crafted":{"minecraft:oak_planks":20,"biomesoplenty:jacaranda_planks":20,"minecraft:crafting_table":3,"minecraft:wooden_pickaxe":2,"minecraft:iron_sword":1,"minecraft:furnace":2,"minecraft:bucket":1,"biomesoplenty:willow_planks":12,"minecraft:stone_axe":1,"minecraft:air":0,"minecraft:jungle_planks":8,"minecraft:iron_boots":1,"minecraft:iron_chestplate":1,"minecraft:shield":1,"minecraft:stick":20,"minecraft:iron_ingot":21,"minecraft:stone_pickaxe":2,"minecraft:wooden_axe":1,"minecraft:iron_leggings":1},"minecraft:mined":{"biomesoplenty:watergrass":1,"minecraft:jungle_leaves":2,"minecraft:crafting_table":1,"minecraft:jungle_log":2,"minecraft:tall_grass":13,"minecraft:seagrass":1,"biomesoplenty:jacaranda_log":6,"minecraft:furnace":1,"minecraft:iron_ore":20,"minecraft:grass":13,"minecraft:coal_ore":18,"minecraft:oak_log":5,"minecraft:cobblestone_slab":2,"minecraft:stone":55,"minecraft:oak_leaves":9},"minecraft:custom":{"minecraft:interact_with_furnace":14,"minecraft:mob_kills":10,"minecraft:interact_with_crafting_table":23,"minecraft:leave_game":2,"minecraft:time_since_death":20147,"minecraft:sleep_in_bed":3,"minecraft:climb_one_cm":906,"minecraft:time_since_rest":20193,"minecraft:sprint_one_cm":127549,"minecraft:damage_taken":1733,"minecraft:walk_one_cm":214852,"minecraft:damage_blocked_by_shield":660,"minecraft:drop":1,"minecraft:damage_dealt":2091,"minecraft:swim_one_cm":11946,"minecraft:talked_to_villager":2,"minecraft:fly_one_cm":228531,"minecraft:open_chest":26,"minecraft:crouch_one_cm":1777,"minecraft:play_time":74919,"minecraft:deaths":5,"minecraft:sneak_time":394,"minecraft:walk_under_water_one_cm":5111,"minecraft:jump":1201,"minecraft:walk_on_water_one_cm":43192,"minecraft:total_world_time":74919,"minecraft:fall_one_cm":22317},"minecraft:killed_by":{"alexsmobs:crocodile":2,"minecraft:player":1,"minecraft:skeleton":1},"minecraft:used":{"alexsmobs:cooked_catfish":7,"minecraft:water_bucket":14,"minecraft:glass_bottle":13,"minecraft:stone_pickaxe":56,"minecraft:shield":12,"minecraft:wooden_pickaxe":41,"minecraft:iron_sword":55,"minecraft:crafting_table":3,"minecraft:wooden_axe":10,"minecraft:apple":6,"minecraft:bread":3,"minecraft:stone_axe":8,"minecraft:potion":14,"minecraft:furnace":2,"minecraft:bucket":15,"alexsmobs:animal_dictionary":1},"minecraft:killed":{"minecraft:pig":2,"minecraft:witch":1,"minecraft:skeleton":2,"alexsmobs:catfish":3,"minecraft:zombie":1}},"DataVersion":3465}