{"stats":{"minecraft:dropped":{"minecraft:black_wool":3},"minecraft:picked_up":{"minecraft:wooden_axe":3,"minecraft:cocoa_beans":18,"minecraft:crafting_table":2,"minecraft:wheat":40,"minecraft:water_bucket":4,"minecraft:jungle_log":2,"minecraft:wooden_pickaxe":9,"minecraft:potato":17,"minecraft:potion":2,"minecraft:tuff":30,"minecraft:oak_log":5,"minecraft:shield":2,"biomesoplenty:jacaranda_planks":88,"minecraft:gunpowder":5,"minecraft:lapis_lazuli":4,"alexsmobs:cooked_catfish":27,"minecraft:string":3,"minecraft:moss_carpet":1,"minecraft:raw_copper":11,"minecraft:compass":5,"minecraft:bone":4,"minecraft:apple":19,"minecraft:wheat_seeds":27,"minecraft:cobbled_deepslate":124,"minecraft:iron_ingot":8,"minecraft:stone_pickaxe":3,"minecraft:cobblestone_slab":8,"minecraft:poppy":3,"minecraft:glass_bottle":3,"minecraft:iron_sword":5,"minecraft:oak_planks":40,"minecraft:furnace":1,"minecraft:raw_iron":30,"minecraft:stick":1,"minecraft:torch":2,"minecraft:porkchop":19,"minecraft:jungle_planks":12,"minecraft:spider_eye":3,"alexsmobs:animal_dictionary":5,"alexsmobs:raw_catfish":12,"minecraft:arrow":15,"minecraft:rotten_flesh":3,"biomesoplenty:willow_log":3,"biomesoplenty:jacaranda_log":5,"minecraft:stone_axe":1,"minecraft:emerald":18,"minecraft:black_wool":15,"minecraft:coal":21,"minecraft:cobblestone":126},"minecraft:crafted":{"minecraft:oak_planks":20,"biomesoplenty:jacaranda_planks":20,"minecraft:crafting_table":4,"minecraft:iron_helmet":1,"minecraft:wooden_pickaxe":2,"minecraft:iron_sword":1,"minecraft:furnace":2,"minecraft:bucket":1,"biomesoplenty:willow_planks":12,"minecraft:stone_axe":1,"minecraft:air":0,"minecraft:jungle_planks":8,"minecraft:iron_boots":1,"minecraft:iron_chestplate":1,"minecraft:shield":1,"minecraft:stick":20,"minecraft:iron_pickaxe":1,"minecraft:iron_ingot":29,"minecraft:stone_pickaxe":2,"minecraft:wooden_axe":1,"minecraft:iron_leggings":1,"alexsmobs:cooked_catfish":9},"minecraft:mined":{"minecraft:tuff":30,"biomesoplenty:watergrass":1,"minecraft:jungle_leaves":2,"minecraft:crafting_table":1,"minecraft:jungle_log":2,"minecraft:tall_grass":13,"minecraft:deepslate_copper_ore":3,"minecraft:seagrass":1,"biomesoplenty:jacaranda_log":6,"minecraft:furnace":1,"minecraft:iron_ore":26,"minecraft:deepslate_lapis_ore":1,"minecraft:grass":13,"minecraft:coal_ore":18,"minecraft:oak_log":5,"minecraft:cobblestone_slab":2,"biomesoplenty:spider_egg":1,"minecraft:stone":78,"minecraft:oak_leaves":9,"minecraft:deepslate":124},"minecraft:custom":{"minecraft:interact_with_furnace":21,"minecraft:mob_kills":11,"minecraft:interact_with_crafting_table":25,"minecraft:leave_game":3,"minecraft:time_since_death":652,"minecraft:sleep_in_bed":3,"minecraft:climb_one_cm":906,"minecraft:time_since_rest":719,"minecraft:sprint_one_cm":165942,"minecraft:damage_taken":2209,"minecraft:walk_one_cm":278734,"minecraft:damage_blocked_by_shield":720,"minecraft:drop":1,"minecraft:damage_dealt":2349,"minecraft:swim_one_cm":11946,"minecraft:talked_to_villager":2,"minecraft:fly_one_cm":292978,"minecraft:open_chest":26,"minecraft:crouch_one_cm":1777,"minecraft:play_time":110770,"minecraft:deaths":6,"minecraft:sneak_time":450,"minecraft:walk_under_water_one_cm":5111,"minecraft:jump":1602,"minecraft:walk_on_water_one_cm":48608,"minecraft:total_world_time":110770,"minecraft:fall_one_cm":31385},"minecraft:killed_by":{"alexsmobs:crocodile":2,"minecraft:player":1,"minecraft:skeleton":1},"minecraft:used":{"alexsmobs:cooked_catfish":16,"minecraft:water_bucket":22,"minecraft:glass_bottle":23,"minecraft:stone_pickaxe":137,"minecraft:shield":13,"minecraft:wooden_pickaxe":57,"minecraft:iron_sword":60,"minecraft:rotten_flesh":1,"minecraft:crafting_table":6,"minecraft:wooden_axe":10,"minecraft:apple":6,"minecraft:bread":3,"minecraft:iron_pickaxe":90,"minecraft:stone_axe":8,"minecraft:potion":24,"minecraft:furnace":3,"minecraft:bucket":23,"alexsmobs:animal_dictionary":1},"minecraft:killed":{"minecraft:cave_spider":1,"minecraft:pig":2,"minecraft:witch":1,"minecraft:skeleton":2,"alexsmobs:catfish":3,"minecraft:zombie":1}},"DataVersion":3465}