{"stats":{"minecraft:picked_up":{"minecraft:cocoa_beans":3,"minecraft:stick":1,"minecraft:jungle_log":2,"minecraft:oak_log":5,"minecraft:gunpowder":1,"biomesoplenty:jacaranda_log":5,"minecraft:wheat_seeds":1,"minecraft:emerald":1,"minecraft:cobblestone":40},"minecraft:crafted":{"minecraft:oak_planks":20,"biomesoplenty:jacaranda_planks":20,"minecraft:crafting_table":1,"minecraft:stick":12,"minecraft:wooden_pickaxe":2,"minecraft:stone_pickaxe":1,"minecraft:wooden_axe":1,"minecraft:stone_axe":1,"minecraft:jungle_planks":8},"minecraft:mined":{"biomesoplenty:jacaranda_log":6,"minecraft:jungle_leaves":2,"minecraft:oak_log":5,"minecraft:jungle_log":2,"minecraft:stone":40,"minecraft:oak_leaves":9},"minecraft:custom":{"minecraft:time_since_rest":48,"minecraft:sprint_one_cm":29359,"minecraft:damage_taken":170,"minecraft:walk_one_cm":39135,"minecraft:mob_kills":1,"minecraft:damage_dealt":440,"minecraft:talked_to_villager":2,"minecraft:interact_with_crafting_table":6,"minecraft:swim_one_cm":309,"minecraft:fly_one_cm":41966,"minecraft:open_chest":12,"minecraft:crouch_one_cm":159,"minecraft:play_time":18743,"minecraft:sneak_time":48,"minecraft:walk_under_water_one_cm":84,"minecraft:jump":212,"minecraft:time_since_death":18743,"minecraft:leave_game":1,"minecraft:walk_on_water_one_cm":2622,"minecraft:sleep_in_bed":1,"minecraft:total_world_time":18743,"minecraft:climb_one_cm":296,"minecraft:fall_one_cm":6341},"minecraft:used":{"minecraft:wooden_axe":10,"minecraft:bread":3,"minecraft:stone_pickaxe":16,"minecraft:wooden_pickaxe":24,"minecraft:stone_axe":8,"minecraft:crafting_table":1,"alexsmobs:animal_dictionary":1},"minecraft:killed":{"minecraft:witch":1}},"DataVersion":3465}