{"stats":{"minecraft:dropped":{"minecraft:black_wool":3},"minecraft:picked_up":{"minecraft:wooden_axe":3,"minecraft:cocoa_beans":12,"minecraft:wheat":30,"minecraft:water_bucket":3,"minecraft:jungle_log":2,"minecraft:wooden_pickaxe":6,"minecraft:potato":17,"minecraft:potion":1,"minecraft:oak_log":5,"biomesoplenty:jacaranda_planks":60,"minecraft:gunpowder":4,"alexsmobs:cooked_catfish":10,"minecraft:string":1,"minecraft:moss_carpet":1,"minecraft:compass":3,"minecraft:apple":17,"minecraft:wheat_seeds":2,"minecraft:iron_ingot":6,"minecraft:stone_pickaxe":3,"minecraft:cobblestone_slab":4,"minecraft:glass_bottle":2,"minecraft:iron_sword":3,"minecraft:oak_planks":40,"minecraft:stick":1,"minecraft:torch":1,"minecraft:porkchop":12,"minecraft:jungle_planks":12,"alexsmobs:animal_dictionary":3,"minecraft:arrow":1,"biomesoplenty:jacaranda_log":5,"minecraft:stone_axe":1,"minecraft:emerald":7,"minecraft:black_wool":9,"minecraft:cobblestone":74},"minecraft:crafted":{"minecraft:oak_planks":20,"biomesoplenty:jacaranda_planks":20,"minecraft:crafting_table":1,"minecraft:wooden_pickaxe":2,"minecraft:iron_sword":1,"minecraft:bucket":1,"minecraft:stone_axe":1,"minecraft:jungle_planks":8,"minecraft:shield":1,"minecraft:stick":16,"minecraft:stone_pickaxe":1,"minecraft:wooden_axe":1},"minecraft:mined":{"minecraft:jungle_leaves":2,"minecraft:jungle_log":2,"minecraft:tall_grass":1,"biomesoplenty:jacaranda_log":6,"minecraft:oak_log":5,"minecraft:cobblestone_slab":2,"minecraft:stone":40,"minecraft:oak_leaves":9},"minecraft:custom":{"minecraft:interact_with_furnace":1,"minecraft:mob_kills":3,"minecraft:interact_with_crafting_table":11,"minecraft:leave_game":2,"minecraft:time_since_death":5224,"minecraft:sleep_in_bed":3,"minecraft:climb_one_cm":345,"minecraft:time_since_rest":5259,"minecraft:sprint_one_cm":70952,"minecraft:damage_taken":955,"minecraft:walk_one_cm":118661,"minecraft:drop":1,"minecraft:damage_dealt":708,"minecraft:swim_one_cm":10126,"minecraft:talked_to_villager":2,"minecraft:fly_one_cm":120708,"minecraft:open_chest":25,"minecraft:crouch_one_cm":1504,"minecraft:play_time":44919,"minecraft:deaths":3,"minecraft:sneak_time":327,"minecraft:walk_under_water_one_cm":4515,"minecraft:jump":610,"minecraft:walk_on_water_one_cm":18277,"minecraft:total_world_time":44919,"minecraft:fall_one_cm":13386},"minecraft:killed_by":{"minecraft:player":1,"minecraft:skeleton":1},"minecraft:used":{"minecraft:water_bucket":10,"minecraft:glass_bottle":5,"minecraft:stone_pickaxe":16,"minecraft:wooden_pickaxe":26,"minecraft:iron_sword":6,"minecraft:crafting_table":1,"minecraft:wooden_axe":10,"minecraft:apple":6,"minecraft:bread":3,"minecraft:stone_axe":8,"minecraft:potion":6,"minecraft:bucket":11,"alexsmobs:animal_dictionary":1},"minecraft:killed":{"minecraft:pig":1,"minecraft:witch":1,"minecraft:zombie":1}},"DataVersion":3465}