{"stats":{"minecraft:dropped":{"minecraft:stone_axe":1,"minecraft:glass_bottle":2,"minecraft:rotten_flesh":8,"minecraft:wooden_pickaxe":1},"minecraft:picked_up":{"minecraft:birch_log":7,"minecraft:cocoa_beans":7,"farmersdelight:rice":16,"minecraft:jungle_log":2,"minecraft:leather":6,"minecraft:wooden_pickaxe":4,"minecraft:potato":21,"biomesoplenty:jacaranda_planks":8,"minecraft:lapis_lazuli":70,"minecraft:string":4,"minecraft:dirt":2,"minecraft:lantern":1,"minecraft:bone":4,"minecraft:wheat_seeds":1,"minecraft:cobbled_deepslate":30,"minecraft:spruce_planks":4,"minecraft:beef":8,"minecraft:stone_pickaxe":3,"fishofthieves:earthworms":6,"minecraft:cyan_candle":3,"minecraft:glass_bottle":3,"farmersdelight:cabbage_seeds":2,"minecraft:lime_wool":3,"minecraft:golden_helmet":1,"minecraft:stick":18,"minecraft:cooked_porkchop":8,"minecraft:gravel":3,"minecraft:spruce_stairs":13,"minecraft:porkchop":18,"minecraft:sand":3,"minecraft:stripped_spruce_log":1,"minecraft:spruce_sapling":18,"minecraft:blast_furnace":2,"minecraft:ink_sac":6,"minecraft:redstone":5,"minecraft:spider_eye":3,"alexsmobs:animal_dictionary":3,"minecraft:dark_oak_planks":1,"minecraft:stone_sword":4,"minecraft:rotten_flesh":46,"biomesoplenty:jacaranda_log":8,"minecraft:stone_axe":4,"minecraft:hay_block":5,"minecraft:spruce_sign":9,"minecraft:bread":1,"alexsmobs:maggot":6,"minecraft:light_gray_carpet":12,"minecraft:coal":29,"minecraft:cobblestone":59},"minecraft:crafted":{"minecraft:cooked_beef":8,"minecraft:glass_bottle":3,"biomesoplenty:jacaranda_planks":20,"minecraft:cooked_porkchop":4,"minecraft:crafting_table":5,"minecraft:spruce_planks":8,"minecraft:wooden_pickaxe":1,"minecraft:iron_sword":1,"minecraft:furnace":1,"minecraft:birch_planks":8,"minecraft:stone_axe":2,"minecraft:jungle_planks":4,"minecraft:glass":3,"minecraft:stick":32,"minecraft:iron_ingot":5,"minecraft:stone_pickaxe":1,"minecraft:stone_sword":1,"minecraft:torch":28},"minecraft:custom":{"minecraft:interact_with_furnace":10,"minecraft:mob_kills":22,"minecraft:interact_with_crafting_table":25,"minecraft:interact_with_campfire":4,"minecraft:bell_ring":1,"minecraft:leave_game":3,"minecraft:time_since_death":11393,"minecraft:sleep_in_bed":1,"minecraft:time_since_rest":11511,"minecraft:sprint_one_cm":151518,"minecraft:damage_taken":2924,"minecraft:walk_one_cm":257138,"minecraft:drop":5,"minecraft:damage_dealt":3181,"minecraft:swim_one_cm":11056,"minecraft:player_kills":1,"minecraft:fly_one_cm":181680,"minecraft:open_chest":17,"minecraft:crouch_one_cm":1798,"minecraft:play_time":92103,"minecraft:deaths":11,"minecraft:sneak_time":714,"minecraft:walk_under_water_one_cm":2327,"minecraft:jump":1046,"minecraft:walk_on_water_one_cm":10386,"minecraft:total_world_time":92103,"minecraft:fall_one_cm":23381},"minecraft:mined":{"minecraft:dark_oak_planks":1,"minecraft:light_gray_carpet":4,"minecraft:spruce_planks":4,"minecraft:grass_block":1,"minecraft:jungle_log":2,"minecraft:spruce_wall_sign":1,"minecraft:lime_wool":3,"minecraft:tall_grass":9,"minecraft:deepslate_coal_ore":9,"biomesoplenty:sprout":1,"minecraft:lapis_ore":2,"minecraft:spruce_stairs":4,"biomesoplenty:jacaranda_log":8,"minecraft:birch_log":6,"minecraft:stripped_spruce_log":1,"minecraft:deepslate_lapis_ore":2,"minecraft:grass":30,"minecraft:coal_ore":19,"biomesoplenty:webbing":1,"minecraft:gravel":3,"minecraft:sand":3,"minecraft:stone":50,"minecraft:deepslate":39,"minecraft:fern":3},"minecraft:killed_by":{"minecraft:player":1,"minecraft:skeleton":2,"minecraft:zombie":7},"minecraft:used":{"minecraft:stone_sword":54,"minecraft:glass_bottle":7,"minecraft:stone_pickaxe":103,"minecraft:wooden_pickaxe":32,"minecraft:torch":2,"fishofthieves:earthworms":4,"minecraft:cocoa_beans":2,"minecraft:crafting_table":5,"minecraft:spruce_stairs":1,"minecraft:lantern":1,"minecraft:bread":4,"biomesoplenty:jacaranda_log":1,"minecraft:stone_axe":37,"minecraft:potion":7,"minecraft:furnace":1,"minecraft:cooked_porkchop":2,"minecraft:cooked_beef":1},"minecraft:killed":{"minecraft:pig":5,"minecraft:zombie_villager":1,"minecraft:spider":1,"minecraft:skeleton":1,"minecraft:zombie":10,"alexsmobs:fly":1,"minecraft:cow":3}},"DataVersion":3465}