{"stats":{"minecraft:dropped":{"minecraft:golden_boots":1,"minecraft:wheat_seeds":1,"minecraft:golden_pickaxe":1,"minecraft:glass_bottle":2,"minecraft:golden_axe":1,"minecraft:book":1,"alexsmobs:raw_catfish":3,"farmersdelight:rice":16,"minecraft:stick":2,"minecraft:dirt":4,"minecraft:torch":15,"minecraft:iron_axe":1,"minecraft:iron_pickaxe":1,"fishofthieves:wildsplash":1,"minecraft:string":1,"minecraft:bone":1,"minecraft:redstone":1,"minecraft:stone_axe":1,"minecraft:golden_chestplate":1,"minecraft:rotten_flesh":8,"minecraft:golden_shovel":1,"minecraft:iron_chestplate":1,"minecraft:wooden_pickaxe":1,"distorted_discs:nether_02":1},"minecraft:picked_up":{"minecraft:cocoa_beans":7,"minecraft:iron_chestplate":4,"minecraft:wooden_pickaxe":4,"aether:iron_gloves":2,"minecraft:golden_shovel":2,"minecraft:string":7,"minecraft:iron_axe":1,"minecraft:iron_leggings":1,"minecraft:cobbled_deepslate":30,"minecraft:bucket":2,"minecraft:spruce_planks":17,"minecraft:beef":8,"minecraft:iron_pickaxe":3,"minecraft:enchanted_golden_apple":1,"farmersdelight:cabbage_seeds":4,"minecraft:iron_boots":2,"minecraft:golden_helmet":1,"minecraft:lime_wool":3,"minecraft:stick":24,"minecraft:torch":45,"minecraft:spruce_stairs":13,"minecraft:porkchop":18,"minecraft:golden_axe":1,"minecraft:redstone":9,"minecraft:golden_chestplate":1,"minecraft:dark_oak_planks":1,"minecraft:arrow":4,"minecraft:stone_sword":4,"minecraft:rotten_flesh":46,"biomesoplenty:jacaranda_log":8,"minecraft:hay_block":5,"minecraft:carved_pumpkin":1,"minecraft:saddle":2,"minecraft:gold_ingot":6,"minecraft:white_wool":4,"minecraft:cobblestone":65,"minecraft:birch_log":7,"farmersdelight:rice":32,"minecraft:golden_carrot":11,"minecraft:jungle_log":2,"minecraft:leather":10,"minecraft:potato":21,"biomesoplenty:jacaranda_planks":8,"minecraft:gunpowder":1,"minecraft:lapis_lazuli":140,"minecraft:dirt":9,"fishofthieves:wildsplash":1,"minecraft:lantern":1,"minecraft:bone":6,"minecraft:wheat_seeds":2,"minecraft:stone_pickaxe":3,"minecraft:iron_ingot":6,"fishofthieves:earthworms":6,"minecraft:cyan_candle":3,"minecraft:glass_bottle":3,"minecraft:iron_sword":2,"minecraft:cooked_porkchop":8,"minecraft:gravel":3,"minecraft:sand":3,"minecraft:stripped_spruce_log":1,"minecraft:spruce_sapling":18,"minecraft:ink_sac":6,"minecraft:blast_furnace":2,"alexsmobs:animal_dictionary":3,"minecraft:spider_eye":8,"alexsmobs:raw_catfish":3,"distorted_discs:nether_02":2,"minecraft:stone_axe":4,"minecraft:emerald":3,"minecraft:spruce_sign":9,"minecraft:golden_horse_armor":1,"minecraft:bread":62,"alexsmobs:maggot":6,"minecraft:light_gray_carpet":12,"minecraft:coal":57},"minecraft:crafted":{"minecraft:furnace":1,"minecraft:glass":3,"minecraft:stone_pickaxe":1,"minecraft:cooked_beef":8,"minecraft:glass_bottle":3,"biomesoplenty:jacaranda_planks":20,"minecraft:cooked_porkchop":4,"minecraft:crafting_table":6,"minecraft:spruce_planks":8,"minecraft:wooden_pickaxe":1,"minecraft:iron_sword":1,"minecraft:bucket":1,"minecraft:birch_planks":8,"minecraft:stone_axe":2,"minecraft:jungle_planks":4,"minecraft:stick":32,"minecraft:iron_ingot":5,"minecraft:stone_sword":1,"minecraft:torch":28},"minecraft:custom":{"minecraft:mob_kills":30,"minecraft:interact_with_crafting_table":27,"minecraft:interact_with_campfire":4,"minecraft:bell_ring":1,"minecraft:leave_game":4,"minecraft:time_since_death":6197,"minecraft:damage_resisted":82,"minecraft:climb_one_cm":3078,"minecraft:sprint_one_cm":223730,"minecraft:walk_one_cm":310311,"minecraft:drop":46,"minecraft:play_time":122430,"minecraft:deaths":13,"minecraft:sneak_time":848,"minecraft:walk_under_water_one_cm":3079,"minecraft:jump":1468,"minecraft:walk_on_water_one_cm":26016,"minecraft:total_world_time":122430,"minecraft:interact_with_furnace":10,"minecraft:sleep_in_bed":3,"minecraft:time_since_rest":6237,"minecraft:waystone_activated":1,"minecraft:damage_taken":3778,"minecraft:damage_absorbed":161,"minecraft:damage_dealt":5082,"minecraft:swim_one_cm":16723,"minecraft:fly_one_cm":276975,"minecraft:player_kills":1,"minecraft:open_chest":46,"minecraft:crouch_one_cm":2009,"minecraft:fall_one_cm":32656},"minecraft:mined":{"minecraft:dark_oak_planks":1,"minecraft:spruce_planks":11,"biomesoplenty:watergrass":1,"biomesoplenty:bush":2,"minecraft:grass_block":2,"minecraft:jungle_log":2,"minecraft:lime_wool":3,"minecraft:tall_seagrass":2,"biomesoplenty:jacaranda_log":8,"biomesoplenty:lavender":1,"minecraft:stripped_spruce_log":1,"minecraft:deepslate_lapis_ore":2,"minecraft:dirt_path":3,"minecraft:vine":2,"biomesoplenty:webbing":1,"minecraft:stone":50,"minecraft:light_gray_carpet":4,"minecraft:spruce_wall_sign":1,"minecraft:tall_grass":11,"minecraft:deepslate_coal_ore":9,"biomesoplenty:sprout":1,"minecraft:lapis_ore":2,"minecraft:spruce_stairs":4,"minecraft:birch_log":6,"minecraft:grass":31,"minecraft:coal_ore":19,"minecraft:gravel":3,"minecraft:sand":3,"minecraft:cobweb":4,"minecraft:deepslate":39,"minecraft:fern":3},"minecraft:killed_by":{"minecraft:player":1,"minecraft:skeleton":3,"minecraft:zombie":7},"minecraft:used":{"minecraft:stone_sword":54,"minecraft:iron_sword":35,"minecraft:torch":2,"fishofthieves:earthworms":4,"minecraft:cocoa_beans":2,"minecraft:spruce_stairs":1,"minecraft:golden_shovel":1,"minecraft:lantern":1,"biomesoplenty:jacaranda_log":1,"minecraft:furnace":1,"minecraft:cooked_beef":1,"minecraft:potato":9,"minecraft:enchanted_golden_apple":1,"minecraft:glass_bottle":7,"minecraft:stone_pickaxe":103,"minecraft:wooden_pickaxe":32,"minecraft:crafting_table":6,"minecraft:bread":7,"minecraft:stone_axe":37,"minecraft:cobblestone":13,"minecraft:potion":7,"minecraft:cooked_porkchop":2},"minecraft:killed":{"minecraft:witch":4,"minecraft:spider":1,"minecraft:skeleton":3,"minecraft:pig":5,"minecraft:zombie_villager":1,"minecraft:zombie":12,"alexsmobs:fly":1,"minecraft:cow":3}},"DataVersion":3465}