{"stats":{"minecraft:dropped":{"minecraft:stone_axe":1,"minecraft:glass_bottle":2,"minecraft:rotten_flesh":8,"minecraft:wooden_pickaxe":1},"minecraft:picked_up":{"minecraft:birch_log":7,"minecraft:cocoa_beans":7,"minecraft:jungle_log":2,"minecraft:leather":4,"minecraft:wooden_pickaxe":4,"biomesoplenty:jacaranda_planks":6,"minecraft:lapis_lazuli":35,"minecraft:string":4,"minecraft:dirt":1,"minecraft:lantern":1,"minecraft:bone":4,"minecraft:cobbled_deepslate":26,"minecraft:spruce_planks":4,"minecraft:beef":8,"minecraft:stone_pickaxe":3,"fishofthieves:earthworms":6,"minecraft:cyan_candle":3,"minecraft:glass_bottle":3,"minecraft:lime_wool":3,"minecraft:golden_helmet":1,"minecraft:stick":18,"minecraft:cooked_porkchop":8,"minecraft:spruce_stairs":13,"minecraft:porkchop":16,"minecraft:sand":3,"minecraft:stripped_spruce_log":1,"minecraft:blast_furnace":1,"minecraft:ink_sac":6,"minecraft:redstone":5,"minecraft:spider_eye":2,"alexsmobs:animal_dictionary":2,"minecraft:dark_oak_planks":1,"minecraft:stone_sword":4,"minecraft:rotten_flesh":41,"biomesoplenty:jacaranda_log":8,"minecraft:stone_axe":4,"minecraft:spruce_sign":9,"minecraft:bread":1,"alexsmobs:maggot":4,"minecraft:light_gray_carpet":12,"minecraft:coal":13,"minecraft:cobblestone":47},"minecraft:crafted":{"minecraft:cooked_beef":8,"minecraft:glass_bottle":3,"biomesoplenty:jacaranda_planks":20,"minecraft:cooked_porkchop":4,"minecraft:crafting_table":5,"minecraft:spruce_planks":8,"minecraft:wooden_pickaxe":1,"minecraft:furnace":1,"minecraft:birch_planks":8,"minecraft:stone_axe":2,"minecraft:jungle_planks":4,"minecraft:glass":3,"minecraft:stick":28,"minecraft:stone_pickaxe":1,"minecraft:stone_sword":1,"minecraft:torch":16},"minecraft:custom":{"minecraft:interact_with_furnace":7,"minecraft:mob_kills":22,"minecraft:interact_with_crafting_table":17,"minecraft:interact_with_campfire":4,"minecraft:bell_ring":1,"minecraft:leave_game":3,"minecraft:time_since_death":24087,"minecraft:sleep_in_bed":1,"minecraft:time_since_rest":19193,"minecraft:sprint_one_cm":137064,"minecraft:damage_taken":2764,"minecraft:walk_one_cm":234393,"minecraft:drop":5,"minecraft:damage_dealt":3151,"minecraft:swim_one_cm":11056,"minecraft:player_kills":1,"minecraft:fly_one_cm":161536,"minecraft:open_chest":14,"minecraft:crouch_one_cm":1754,"minecraft:play_time":80103,"minecraft:deaths":10,"minecraft:sneak_time":709,"minecraft:walk_under_water_one_cm":2327,"minecraft:jump":863,"minecraft:walk_on_water_one_cm":10386,"minecraft:total_world_time":80103,"minecraft:fall_one_cm":18125},"minecraft:mined":{"minecraft:dark_oak_planks":1,"minecraft:light_gray_carpet":4,"minecraft:spruce_planks":4,"minecraft:grass_block":1,"minecraft:jungle_log":2,"minecraft:spruce_wall_sign":1,"minecraft:lime_wool":3,"minecraft:tall_grass":9,"minecraft:deepslate_coal_ore":9,"biomesoplenty:sprout":1,"minecraft:lapis_ore":2,"minecraft:spruce_stairs":4,"biomesoplenty:jacaranda_log":8,"minecraft:birch_log":6,"minecraft:stripped_spruce_log":1,"minecraft:deepslate_lapis_ore":2,"minecraft:grass":29,"minecraft:coal_ore":3,"biomesoplenty:webbing":1,"minecraft:sand":3,"minecraft:stone":39,"minecraft:deepslate":27,"minecraft:fern":3},"minecraft:killed_by":{"minecraft:skeleton":2,"minecraft:zombie":7},"minecraft:used":{"minecraft:stone_sword":54,"minecraft:glass_bottle":7,"minecraft:stone_pickaxe":76,"minecraft:wooden_pickaxe":15,"fishofthieves:earthworms":4,"minecraft:cocoa_beans":2,"minecraft:crafting_table":5,"minecraft:spruce_stairs":1,"minecraft:lantern":1,"minecraft:bread":4,"biomesoplenty:jacaranda_log":1,"minecraft:stone_axe":37,"minecraft:potion":7,"minecraft:furnace":1,"minecraft:cooked_porkchop":2,"minecraft:cooked_beef":1},"minecraft:killed":{"minecraft:pig":5,"minecraft:zombie_villager":1,"minecraft:spider":1,"minecraft:skeleton":1,"minecraft:zombie":10,"alexsmobs:fly":1,"minecraft:cow":3}},"DataVersion":3465}