{"stats":{"minecraft:picked_up":{"minecraft:cocoa_beans":3,"minecraft:jungle_log":1},"minecraft:mined":{"biomesoplenty:sprout":1,"minecraft:jungle_log":1,"minecraft:fern":1},"minecraft:custom":{"minecraft:jump":55,"minecraft:crouch_one_cm":3,"minecraft:time_since_rest":2275,"minecraft:damage_dealt":30,"minecraft:damage_taken":910,"minecraft:leave_game":3,"minecraft:time_since_death":2221,"minecraft:play_time":8103,"minecraft:walk_one_cm":24341,"minecraft:sprint_one_cm":283,"minecraft:walk_on_water_one_cm":628,"minecraft:deaths":3,"minecraft:sneak_time":8,"minecraft:total_world_time":8103,"minecraft:fly_one_cm":602,"minecraft:fall_one_cm":1289},"minecraft:killed_by":{"minecraft:skeleton":2},"minecraft:used":{"minecraft:cocoa_beans":2}},"DataVersion":3465}