{"stats":{"minecraft:custom":{"minecraft:interact_with_smithing_table":10,"minecraft:interact_with_anvil":3,"minecraft:mob_kills":182,"minecraft:interact_with_crafting_table":70,"minecraft:open_barrel":23,"minecraft:interact_with_campfire":5,"minecraft:leave_game":5,"minecraft:time_since_death":155507,"minecraft:climb_one_cm":1486,"minecraft:sprint_one_cm":709279,"minecraft:walk_one_cm":495531,"minecraft:damage_blocked_by_shield":3375,"minecraft:drop":71,"minecraft:play_noteblock":1,"minecraft:talked_to_villager":5,"minecraft:play_time":251801,"minecraft:deaths":2,"minecraft:sneak_time":6306,"minecraft:walk_under_water_one_cm":25580,"minecraft:jump":5639,"minecraft:interact_with_blast_furnace":35,"minecraft:walk_on_water_one_cm":40817,"minecraft:enchant_item":4,"minecraft:total_world_time":251801,"minecraft:interact_with_furnace":35,"minecraft:interact_with_loom":1,"minecraft:interact_with_grindstone":2,"minecraft:sleep_in_bed":6,"minecraft:time_since_rest":93279,"minecraft:damage_taken":4940,"minecraft:damage_dealt":38118,"minecraft:swim_one_cm":38699,"minecraft:fly_one_cm":1260672,"minecraft:open_chest":151,"minecraft:crouch_one_cm":16297,"minecraft:interact_with_smoker":41,"minecraft:fall_one_cm":135818},"minecraft:broken":{"minecraft:stone_axe":2},"minecraft:killed_by":{"alexsmobs:bison":1,"minecraft:skeleton":1},"minecraft:picked_up":{"minecraft:wooden_axe":2,"minecraft:iron_chestplate":2,"minecraft:crafting_table":21,"minecraft:chicken":1,"minecraft:nether_wart":8,"minecraft:anvil":2,"minecraft:golden_pickaxe":1,"minecraft:smithing_table":3,"biomesoplenty:orange_autumn_sapling":1,"minecraft:enchanted_book":4,"minecraft:shield":3,"minecraft:string":56,"minecraft:red_bed":2,"minecraft:raw_copper":25,"minecraft:iron_axe":2,"minecraft:cooked_salmon":2,"biomesoplenty:yellow_autumn_sapling":1,"minecraft:iron_leggings":1,"biomesoplenty:tall_lavender":8,"minecraft:iron_shovel":3,"minecraft:blue_orchid":1,"alexsmobs:emu_feather":4,"minecraft:cobbled_deepslate":40,"minecraft:bucket":1,"minecraft:beef":10,"minecraft:oak_boat":2,"minecraft:poppy":4,"minecraft:iron_pickaxe":5,"minecraft:light_gray_wool":2,"minecraft:sugar_cane":6,"minecraft:raw_copper_block":3,"minecraft:iron_boots":2,"minecraft:furnace":9,"minecraft:oak_door":5,"minecraft:stick":65,"minecraft:raw_iron":179,"minecraft:raw_gold_block":2,"minecraft:torch":25,"minecraft:acacia_log":1,"minecraft:porkchop":14,"minecraft:dark_oak_planks":8,"minecraft:rotten_flesh":88,"minecraft:arrow":26,"biomesoplenty:jacaranda_log":2,"minecraft:obsidian":4,"minecraft:mutton":4,"alexsmobs:kangaroo_meat":25,"minecraft:white_wool":1,"minecraft:cobblestone":120,"biomesoplenty:lavender":31,"minecraft:birch_log":5,"minecraft:enchanting_table":2,"minecraft:feather":7,"minecraft:cooked_beef":18,"minecraft:water_bucket":1,"minecraft:leather":9,"alexsmobs:bison_fur":2,"minecraft:smoker":13,"minecraft:birch_planks":8,"minecraft:tuff":3,"minecraft:oak_log":101,"minecraft:golden_boots":1,"minecraft:gunpowder":11,"minecraft:lapis_lazuli":128,"minecraft:dirt":21,"minecraft:lantern":1,"minecraft:cooked_mutton":8,"minecraft:bone":29,"farmersdelight:iron_knife":1,"minecraft:apple":4,"minecraft:wheat_seeds":6,"minecraft:raw_gold":63,"minecraft:stone_pickaxe":1,"minecraft:grindstone":2,"minecraft:iron_ingot":53,"simplyswords:diamond_sai":1,"fishofthieves:earthworms":6,"minecraft:iron_sword":3,"minecraft:mangrove_planks":8,"minecraft:oak_planks":71,"minecraft:soul_sand":2,"minecraft:book":21,"minecraft:scaffolding":1,"minecraft:cooked_porkchop":34,"minecraft:sand":64,"minecraft:blast_furnace":7,"minecraft:dark_oak_log":5,"alexsmobs:animal_dictionary":1,"minecraft:spider_eye":11,"simplyswords:iron_twinblade":2,"travelersbackpack:light_gray_sleeping_bag":3,"alexsmobs:kangaroo_hide":16,"minecraft:diamond":39,"minecraft:stone_axe":1,"minecraft:iron_helmet":2,"minecraft:bread":33,"alexsmobs:maggot":3,"minecraft:black_wool":2,"minecraft:coal":186},"minecraft:used":{"minecraft:enchanting_table":3,"minecraft:iron_shovel":65,"minecraft:poppy":2,"minecraft:chest":1,"minecraft:shield":58,"minecraft:iron_sword":22,"minecraft:cooked_salmon":1,"minecraft:oak_door":4,"minecraft:torch":73,"minecraft:soul_sand":2,"fishofthieves:earthworms":5,"minecraft:dirt":9,"minecraft:anvil":1,"simplyswords:diamond_rapier":276,"simplyswords:diamond_sai":3,"minecraft:tuff":3,"farmersdelight:beef_patty":6,"minecraft:wooden_axe":56,"minecraft:lava_bucket":1,"minecraft:iron_axe":196,"minecraft:blue_orchid":1,"biomesoplenty:tall_lavender":3,"biomesoplenty:jacaranda_log":1,"minecraft:scaffolding":1,"minecraft:furnace":4,"farmersdelight:cooked_mutton_chops":2,"minecraft:cooked_beef":5,"minecraft:cobbled_deepslate":32,"farmersdelight:iron_knife":5,"minecraft:water_bucket":25,"minecraft:birch_planks":2,"minecraft:stone_pickaxe":87,"minecraft:oak_planks":30,"biomesoplenty:lavender":22,"minecraft:sugar_cane":6,"simplyswords:iron_chakram":19,"minecraft:blast_furnace":4,"minecraft:red_bed":1,"minecraft:crafting_table":22,"simplyswords:iron_twinblade":58,"biomesoplenty:orange_autumn_sapling":1,"minecraft:smoker":6,"minecraft:oak_log":15,"minecraft:diamond_pickaxe":8,"minecraft:bread":65,"minecraft:string":1,"minecraft:oak_button":1,"minecraft:iron_pickaxe":301,"biomesoplenty:yellow_autumn_sapling":1,"minecraft:diamond_ore":1,"minecraft:stone_axe":142,"travelersbackpack:light_gray_sleeping_bag":1,"farmersdelight:cooked_bacon":5,"minecraft:cobblestone":90,"travelersbackpack:standard":18,"minecraft:smithing_table":2,"minecraft:grindstone":1,"minecraft:cooked_porkchop":20,"minecraft:bucket":27,"minecraft:oak_boat":2,"minecraft:dandelion":1},"minecraft:mined":{"biomesoplenty:orange_autumn_leaves":1,"minecraft:diamond_ore":1,"minecraft:tuff":3,"minecraft:deepslate_diamond_ore":27,"minecraft:oak_door":3,"minecraft:dark_oak_log":5,"minecraft:obsidian":5,"biomesoplenty:bush":7,"minecraft:grass_block":1,"bushierflowers:grown_dandelion":1,"minecraft:nether_wart":2,"minecraft:large_fern":4,"biomesoplenty:jacaranda_log":2,"biomesoplenty:tall_lavender":8,"minecraft:furnace":7,"minecraft:fire":8,"minecraft:iron_ore":68,"biomesoplenty:lavender":43,"minecraft:deepslate_lapis_ore":2,"minecraft:anvil":2,"minecraft:enchanting_table":2,"biomesoplenty:sea_oats":4,"minecraft:bookshelf":4,"minecraft:deepslate_iron_ore":49,"minecraft:dirt_path":2,"minecraft:blue_orchid":1,"minecraft:stone":104,"minecraft:smithing_table":3,"minecraft:acacia_leaves":1,"minecraft:scaffolding":1,"minecraft:red_bed":2,"minecraft:soul_sand":2,"minecraft:smoker":9,"minecraft:crafting_table":18,"minecraft:torch":5,"minecraft:blast_furnace":6,"minecraft:tall_grass":14,"minecraft:cobblestone":13,"minecraft:lapis_ore":3,"minecraft:deepslate_gold_ore":24,"minecraft:grindstone":2,"minecraft:sugar_cane":2,"minecraft:oak_planks":21,"travelersbackpack:light_gray_sleeping_bag":1,"minecraft:wall_torch":6,"biomesoplenty:yellow_autumn_leaves":7,"minecraft:birch_log":5,"biomesoplenty:maple_leaves":3,"minecraft:stone_brick_stairs":1,"minecraft:grass":82,"minecraft:oak_log":83,"minecraft:coal_ore":25,"minecraft:sand":64,"minecraft:dirt":3,"minecraft:gold_ore":10,"minecraft:oak_leaves":2,"minecraft:deepslate":22},"minecraft:crafted":{"minecraft:oak_door":3,"minecraft:oak_planks":60,"minecraft:stone_shovel":1,"minecraft:iron_nugget":9,"simplyswords:iron_twinblade":1,"travelersbackpack:gold_tier_upgrade":1,"travelersbackpack:blank_upgrade":4,"minecraft:cooked_mutton":6,"minecraft:glass":27,"minecraft:leather":8,"travelersbackpack:white_sleeping_bag":1,"minecraft:diamond_helmet":1,"minecraft:diamond_leggings":1,"minecraft:iron_boots":1,"minecraft:iron_axe":1,"travelersbackpack:light_gray_sleeping_bag":1,"minecraft:chest":3,"minecraft:diamond_boots":1,"minecraft:oak_button":1,"minecraft:dark_oak_planks":28,"minecraft:cooked_beef":21,"travelersbackpack:iron_tier_upgrade":1,"farmersdelight:cooked_mutton_chops":6,"biomesoplenty:jacaranda_planks":4,"minecraft:cooked_porkchop":14,"minecraft:crafting_table":3,"simplyswords:iron_chakram":1,"minecraft:enchanting_table":1,"travelersbackpack:standard":3,"travelersbackpack:backpack_tank":4,"minecraft:iron_helmet":1,"minecraft:wooden_pickaxe":1,"minecraft:raw_gold_block":8,"minecraft:smithing_table":1,"simplyswords:diamond_rapier":1,"minecraft:bucket":1,"minecraft:mangrove_planks":8,"minecraft:birch_planks":20,"minecraft:stone_axe":2,"farmersdelight:beef_patty":9,"minecraft:air":0,"aether:iron_gloves":1,"minecraft:oak_boat":1,"minecraft:white_wool":3,"minecraft:iron_chestplate":1,"minecraft:diamond_pickaxe":1,"minecraft:shield":2,"minecraft:raw_gold":90,"minecraft:stick":60,"minecraft:iron_ingot":67,"minecraft:iron_pickaxe":2,"minecraft:gold_ingot":10,"minecraft:wooden_axe":1,"minecraft:iron_leggings":1,"farmersdelight:cooked_bacon":8,"minecraft:acacia_planks":4,"minecraft:torch":100,"minecraft:diamond_chestplate":1},"minecraft:dropped":{"minecraft:bread":3,"minecraft:iron_ingot":38,"farmersdelight:iron_knife":1,"minecraft:wheat_seeds":3,"minecraft:lapis_lazuli":20,"minecraft:cooked_beef":19,"minecraft:oak_log":8,"minecraft:golden_pickaxe":1,"minecraft:smithing_table":1,"biomesoplenty:lavender":8,"minecraft:feather":7,"minecraft:book":1,"minecraft:cobblestone":4,"minecraft:leather":2,"alexsmobs:bison_fur":2,"minecraft:stick":16,"minecraft:dirt":4,"minecraft:red_bed":1,"minecraft:torch":10,"minecraft:wooden_axe":2,"minecraft:iron_leggings":1,"alexsmobs:emu_feather":2,"minecraft:gold_nugget":5,"minecraft:iron_pickaxe":1,"minecraft:string":10,"minecraft:bone":4,"minecraft:oak_door":4,"minecraft:furnace":1,"alexsmobs:maggot":3,"minecraft:cobbled_deepslate":8,"simplyswords:iron_twinblade":2,"minecraft:raw_iron":28,"minecraft:chicken":1,"minecraft:rotten_flesh":11,"travelersbackpack:light_gray_sleeping_bag":1,"minecraft:cooked_mutton":10,"minecraft:poppy":2,"minecraft:shield":1,"farmersdelight:flint_knife":1,"minecraft:spider_eye":2,"minecraft:raw_gold":1,"biomesoplenty:tall_lavender":4},"minecraft:killed":{"minecraft:cave_spider":1,"minecraft:spider":27,"alexsmobs:seagull":3,"minecraft:skeleton":19,"minecraft:chicken":1,"alexsmobs:bison":1,"alexsmobs:kangaroo":15,"minecraft:pig":7,"minecraft:zombie_villager":1,"alexsmobs:seal":6,"minecraft:iron_golem":6,"minecraft:creeper":6,"alexsmobs:emu":1,"minecraft:sheep":4,"alexsmobs:cockroach":1,"minecraft:zombie":74,"alexsmobs:gazelle":1,"alexsmobs:fly":1,"creeperoverhaul:savannah_creeper":1,"minecraft:enderman":1,"minecraft:cow":2}},"DataVersion":3465}