{"stats":{"minecraft:mined":{"minecraft:birch_log":5,"biomesoplenty:yellow_autumn_leaves":3,"minecraft:crafting_table":1},"minecraft:picked_up":{"minecraft:birch_log":5,"biomesoplenty:yellow_autumn_sapling":1,"minecraft:crafting_table":1,"biomesoplenty:orange_autumn_sapling":1,"fishofthieves:earthworms":5,"minecraft:dirt":10},"minecraft:killed":{"minecraft:zombie":1},"minecraft:used":{"minecraft:wooden_axe":4,"fishofthieves:earthworms":1,"minecraft:crafting_table":1,"biomesoplenty:orange_autumn_sapling":1},"minecraft:crafted":{"minecraft:birch_planks":20,"minecraft:crafting_table":1,"minecraft:stick":4,"minecraft:wooden_pickaxe":1,"minecraft:wooden_axe":1},"minecraft:custom":{"minecraft:time_since_rest":2308,"minecraft:play_time":2308,"minecraft:sprint_one_cm":7526,"minecraft:damage_taken":45,"minecraft:walk_one_cm":3749,"minecraft:mob_kills":1,"minecraft:jump":60,"minecraft:damage_dealt":199,"minecraft:leave_game":1,"minecraft:time_since_death":2308,"minecraft:total_world_time":2308,"minecraft:interact_with_crafting_table":1,"minecraft:fall_one_cm":627,"minecraft:fly_one_cm":13679}},"DataVersion":3465}