{"stats":{"minecraft:custom":{"minecraft:mob_kills":79,"minecraft:interact_with_crafting_table":31,"minecraft:open_barrel":22,"minecraft:interact_with_campfire":5,"minecraft:leave_game":5,"minecraft:time_since_death":17507,"minecraft:climb_one_cm":1341,"minecraft:sprint_one_cm":358573,"minecraft:walk_one_cm":266430,"minecraft:damage_blocked_by_shield":1770,"minecraft:drop":39,"minecraft:play_noteblock":1,"minecraft:talked_to_villager":2,"minecraft:play_time":113801,"minecraft:deaths":2,"minecraft:sneak_time":3499,"minecraft:walk_under_water_one_cm":14239,"minecraft:jump":2593,"minecraft:interact_with_blast_furnace":29,"minecraft:walk_on_water_one_cm":21080,"minecraft:total_world_time":113801,"minecraft:interact_with_furnace":2,"minecraft:sleep_in_bed":5,"minecraft:time_since_rest":17530,"minecraft:damage_taken":2775,"minecraft:damage_dealt":15136,"minecraft:swim_one_cm":21129,"minecraft:fly_one_cm":591605,"minecraft:open_chest":74,"minecraft:crouch_one_cm":8976,"minecraft:interact_with_smoker":31,"minecraft:fall_one_cm":63943},"minecraft:broken":{"minecraft:stone_axe":2},"minecraft:killed_by":{"alexsmobs:bison":1,"minecraft:skeleton":1},"minecraft:picked_up":{"minecraft:wooden_axe":2,"minecraft:crafting_table":12,"minecraft:nether_wart":8,"minecraft:anvil":1,"biomesoplenty:orange_autumn_sapling":1,"minecraft:enchanted_book":1,"minecraft:shield":1,"minecraft:string":39,"minecraft:red_bed":2,"minecraft:iron_axe":1,"minecraft:cooked_salmon":2,"biomesoplenty:yellow_autumn_sapling":1,"biomesoplenty:tall_lavender":2,"minecraft:iron_shovel":1,"minecraft:blue_orchid":1,"minecraft:cobbled_deepslate":3,"minecraft:bucket":1,"minecraft:beef":3,"minecraft:oak_boat":2,"minecraft:poppy":1,"minecraft:iron_pickaxe":3,"minecraft:light_gray_wool":2,"minecraft:sugar_cane":6,"minecraft:furnace":5,"minecraft:oak_door":5,"minecraft:stick":58,"minecraft:raw_iron":132,"minecraft:raw_gold_block":2,"minecraft:torch":23,"minecraft:acacia_log":1,"minecraft:porkchop":13,"minecraft:dark_oak_planks":8,"minecraft:rotten_flesh":41,"minecraft:arrow":14,"biomesoplenty:jacaranda_log":2,"minecraft:obsidian":4,"minecraft:mutton":4,"minecraft:white_wool":1,"minecraft:cobblestone":70,"biomesoplenty:lavender":4,"minecraft:birch_log":5,"minecraft:cooked_beef":9,"minecraft:leather":9,"minecraft:smoker":11,"minecraft:birch_planks":8,"minecraft:oak_log":36,"minecraft:gunpowder":9,"minecraft:lapis_lazuli":54,"minecraft:dirt":18,"minecraft:lantern":1,"minecraft:cooked_mutton":8,"minecraft:bone":11,"farmersdelight:iron_knife":1,"minecraft:wheat_seeds":6,"minecraft:raw_gold":34,"minecraft:stone_pickaxe":1,"minecraft:grindstone":1,"minecraft:iron_ingot":9,"fishofthieves:earthworms":6,"minecraft:iron_sword":1,"minecraft:mangrove_planks":8,"minecraft:oak_planks":36,"minecraft:soul_sand":2,"minecraft:book":17,"minecraft:scaffolding":1,"minecraft:cooked_porkchop":24,"minecraft:blast_furnace":5,"alexsmobs:animal_dictionary":1,"minecraft:spider_eye":6,"simplyswords:iron_twinblade":1,"travelersbackpack:light_gray_sleeping_bag":3,"minecraft:diamond":11,"minecraft:stone_axe":1,"minecraft:iron_helmet":1,"minecraft:bread":31,"minecraft:black_wool":2,"minecraft:coal":77},"minecraft:used":{"minecraft:shield":31,"minecraft:iron_sword":22,"minecraft:cooked_salmon":1,"minecraft:oak_door":4,"minecraft:torch":43,"minecraft:soul_sand":2,"fishofthieves:earthworms":5,"minecraft:dirt":6,"minecraft:wooden_axe":56,"minecraft:iron_axe":5,"minecraft:blue_orchid":1,"biomesoplenty:tall_lavender":1,"biomesoplenty:jacaranda_log":1,"minecraft:scaffolding":1,"minecraft:furnace":1,"minecraft:cooked_beef":1,"minecraft:cobbled_deepslate":3,"farmersdelight:iron_knife":5,"minecraft:water_bucket":5,"minecraft:birch_planks":2,"minecraft:stone_pickaxe":87,"minecraft:oak_planks":10,"biomesoplenty:lavender":3,"minecraft:sugar_cane":6,"minecraft:blast_furnace":3,"minecraft:red_bed":1,"minecraft:crafting_table":13,"simplyswords:iron_twinblade":58,"biomesoplenty:orange_autumn_sapling":1,"minecraft:smoker":4,"minecraft:diamond_pickaxe":5,"minecraft:bread":40,"minecraft:oak_button":1,"minecraft:iron_pickaxe":114,"biomesoplenty:yellow_autumn_sapling":1,"minecraft:diamond_ore":1,"minecraft:stone_axe":142,"travelersbackpack:light_gray_sleeping_bag":1,"minecraft:cobblestone":44,"minecraft:cooked_porkchop":10,"minecraft:bucket":6,"minecraft:oak_boat":2},"minecraft:mined":{"minecraft:diamond_ore":1,"minecraft:deepslate_diamond_ore":7,"minecraft:oak_door":3,"minecraft:obsidian":5,"biomesoplenty:bush":4,"minecraft:nether_wart":2,"minecraft:large_fern":3,"biomesoplenty:jacaranda_log":2,"biomesoplenty:tall_lavender":2,"minecraft:furnace":4,"minecraft:iron_ore":46,"biomesoplenty:lavender":6,"minecraft:deepslate_lapis_ore":2,"minecraft:anvil":1,"biomesoplenty:sea_oats":2,"minecraft:bookshelf":3,"minecraft:deepslate_iron_ore":29,"minecraft:dirt_path":2,"minecraft:blue_orchid":1,"minecraft:stone":42,"minecraft:acacia_leaves":1,"minecraft:scaffolding":1,"minecraft:red_bed":2,"minecraft:soul_sand":2,"minecraft:smoker":7,"minecraft:crafting_table":10,"minecraft:torch":4,"minecraft:blast_furnace":5,"minecraft:tall_grass":8,"minecraft:cobblestone":10,"minecraft:lapis_ore":3,"minecraft:deepslate_gold_ore":4,"minecraft:grindstone":1,"minecraft:sugar_cane":2,"minecraft:oak_planks":4,"travelersbackpack:light_gray_sleeping_bag":1,"minecraft:wall_torch":6,"biomesoplenty:yellow_autumn_leaves":3,"minecraft:birch_log":5,"minecraft:stone_brick_stairs":1,"minecraft:grass":31,"minecraft:oak_log":18,"minecraft:coal_ore":24,"minecraft:gold_ore":7,"minecraft:deepslate":3},"minecraft:crafted":{"minecraft:oak_door":3,"minecraft:oak_planks":40,"minecraft:stone_shovel":1,"simplyswords:iron_twinblade":1,"minecraft:cooked_mutton":6,"minecraft:iron_boots":1,"travelersbackpack:light_gray_sleeping_bag":1,"minecraft:oak_button":1,"minecraft:dark_oak_planks":8,"minecraft:cooked_beef":11,"farmersdelight:cooked_mutton_chops":6,"biomesoplenty:jacaranda_planks":4,"minecraft:cooked_porkchop":14,"minecraft:crafting_table":2,"minecraft:iron_helmet":1,"minecraft:wooden_pickaxe":1,"minecraft:bucket":1,"minecraft:mangrove_planks":8,"minecraft:birch_planks":20,"minecraft:stone_axe":2,"farmersdelight:beef_patty":9,"minecraft:air":0,"minecraft:oak_boat":1,"minecraft:iron_chestplate":1,"minecraft:diamond_pickaxe":1,"minecraft:shield":1,"minecraft:raw_gold":18,"minecraft:stick":60,"minecraft:iron_ingot":37,"minecraft:iron_pickaxe":2,"minecraft:wooden_axe":1,"minecraft:iron_leggings":1,"farmersdelight:cooked_bacon":8,"minecraft:acacia_planks":4,"minecraft:torch":60},"minecraft:dropped":{"minecraft:iron_ingot":13,"farmersdelight:iron_knife":1,"minecraft:wheat_seeds":2,"minecraft:cooked_beef":19,"minecraft:oak_log":8,"minecraft:leather":2,"minecraft:stick":16,"minecraft:dirt":4,"minecraft:red_bed":1,"minecraft:torch":10,"minecraft:wooden_axe":2,"minecraft:gold_nugget":5,"minecraft:iron_pickaxe":1,"minecraft:string":10,"minecraft:bone":4,"minecraft:oak_door":2,"minecraft:furnace":1,"simplyswords:iron_twinblade":2,"minecraft:rotten_flesh":11,"travelersbackpack:light_gray_sleeping_bag":1,"minecraft:cooked_mutton":10,"minecraft:poppy":1,"farmersdelight:flint_knife":1,"minecraft:spider_eye":2},"minecraft:killed":{"minecraft:cave_spider":1,"minecraft:spider":15,"minecraft:skeleton":6,"minecraft:pig":6,"alexsmobs:seal":6,"minecraft:iron_golem":2,"minecraft:creeper":5,"minecraft:sheep":4,"minecraft:zombie":31,"creeperoverhaul:savannah_creeper":1,"minecraft:cow":2}},"DataVersion":3465}