{"stats":{"minecraft:custom":{"minecraft:mob_kills":114,"minecraft:interact_with_crafting_table":39,"minecraft:open_barrel":23,"minecraft:interact_with_campfire":5,"minecraft:leave_game":5,"minecraft:time_since_death":71507,"minecraft:climb_one_cm":1486,"minecraft:sprint_one_cm":530784,"minecraft:walk_one_cm":375322,"minecraft:damage_blocked_by_shield":2730,"minecraft:drop":51,"minecraft:play_noteblock":1,"minecraft:talked_to_villager":3,"minecraft:play_time":167801,"minecraft:deaths":2,"minecraft:sneak_time":4900,"minecraft:walk_under_water_one_cm":23346,"minecraft:jump":3959,"minecraft:interact_with_blast_furnace":29,"minecraft:walk_on_water_one_cm":34230,"minecraft:total_world_time":167801,"minecraft:interact_with_furnace":2,"minecraft:interact_with_loom":1,"minecraft:interact_with_grindstone":2,"minecraft:sleep_in_bed":6,"minecraft:time_since_rest":9279,"minecraft:damage_taken":3864,"minecraft:damage_dealt":22515,"minecraft:swim_one_cm":34974,"minecraft:fly_one_cm":831685,"minecraft:open_chest":105,"minecraft:crouch_one_cm":13704,"minecraft:interact_with_smoker":31,"minecraft:fall_one_cm":96030},"minecraft:broken":{"minecraft:stone_axe":2},"minecraft:killed_by":{"alexsmobs:bison":1,"minecraft:skeleton":1},"minecraft:picked_up":{"minecraft:wooden_axe":2,"minecraft:iron_chestplate":2,"minecraft:crafting_table":15,"minecraft:nether_wart":8,"minecraft:anvil":1,"minecraft:golden_pickaxe":1,"biomesoplenty:orange_autumn_sapling":1,"minecraft:enchanted_book":4,"minecraft:shield":3,"minecraft:string":47,"minecraft:red_bed":2,"minecraft:raw_copper":25,"minecraft:iron_axe":2,"minecraft:cooked_salmon":2,"biomesoplenty:yellow_autumn_sapling":1,"minecraft:iron_leggings":1,"biomesoplenty:tall_lavender":2,"minecraft:iron_shovel":3,"minecraft:blue_orchid":1,"minecraft:cobbled_deepslate":40,"minecraft:bucket":1,"minecraft:beef":3,"minecraft:oak_boat":2,"minecraft:poppy":2,"minecraft:iron_pickaxe":5,"minecraft:light_gray_wool":2,"minecraft:sugar_cane":6,"minecraft:raw_copper_block":3,"minecraft:iron_boots":2,"minecraft:furnace":6,"minecraft:oak_door":5,"minecraft:stick":65,"minecraft:raw_iron":179,"minecraft:raw_gold_block":2,"minecraft:torch":25,"minecraft:acacia_log":1,"minecraft:porkchop":13,"minecraft:dark_oak_planks":8,"minecraft:rotten_flesh":63,"minecraft:arrow":21,"biomesoplenty:jacaranda_log":2,"minecraft:obsidian":4,"minecraft:mutton":4,"minecraft:white_wool":1,"minecraft:cobblestone":119,"biomesoplenty:lavender":4,"minecraft:birch_log":5,"minecraft:cooked_beef":18,"minecraft:water_bucket":1,"minecraft:leather":9,"minecraft:smoker":11,"minecraft:birch_planks":8,"minecraft:tuff":3,"minecraft:oak_log":36,"minecraft:golden_boots":1,"minecraft:gunpowder":11,"minecraft:lapis_lazuli":68,"minecraft:dirt":21,"minecraft:lantern":1,"minecraft:cooked_mutton":8,"minecraft:bone":20,"farmersdelight:iron_knife":1,"minecraft:apple":4,"minecraft:wheat_seeds":6,"minecraft:raw_gold":63,"minecraft:stone_pickaxe":1,"minecraft:grindstone":1,"minecraft:iron_ingot":38,"fishofthieves:earthworms":6,"minecraft:iron_sword":3,"minecraft:mangrove_planks":8,"minecraft:oak_planks":57,"minecraft:soul_sand":2,"minecraft:book":17,"minecraft:scaffolding":1,"minecraft:cooked_porkchop":24,"minecraft:blast_furnace":6,"alexsmobs:animal_dictionary":1,"minecraft:spider_eye":8,"simplyswords:iron_twinblade":2,"travelersbackpack:light_gray_sleeping_bag":3,"minecraft:diamond":39,"minecraft:stone_axe":1,"minecraft:iron_helmet":2,"minecraft:bread":32,"minecraft:black_wool":2,"minecraft:coal":135},"minecraft:used":{"minecraft:poppy":1,"minecraft:chest":1,"minecraft:shield":46,"minecraft:iron_sword":22,"minecraft:cooked_salmon":1,"minecraft:oak_door":4,"minecraft:torch":73,"minecraft:soul_sand":2,"fishofthieves:earthworms":5,"minecraft:dirt":9,"simplyswords:diamond_rapier":15,"minecraft:tuff":3,"minecraft:wooden_axe":56,"minecraft:lava_bucket":1,"minecraft:iron_axe":95,"minecraft:blue_orchid":1,"biomesoplenty:tall_lavender":1,"biomesoplenty:jacaranda_log":1,"minecraft:scaffolding":1,"minecraft:furnace":1,"minecraft:cooked_beef":5,"minecraft:cobbled_deepslate":32,"farmersdelight:iron_knife":5,"minecraft:water_bucket":21,"minecraft:birch_planks":2,"minecraft:stone_pickaxe":87,"minecraft:oak_planks":13,"biomesoplenty:lavender":3,"minecraft:sugar_cane":6,"minecraft:blast_furnace":3,"minecraft:red_bed":1,"minecraft:crafting_table":16,"simplyswords:iron_twinblade":58,"biomesoplenty:orange_autumn_sapling":1,"minecraft:smoker":4,"minecraft:diamond_pickaxe":5,"minecraft:bread":55,"minecraft:string":1,"minecraft:oak_button":1,"minecraft:iron_pickaxe":291,"biomesoplenty:yellow_autumn_sapling":1,"minecraft:diamond_ore":1,"minecraft:stone_axe":142,"travelersbackpack:light_gray_sleeping_bag":1,"minecraft:cobblestone":89,"minecraft:grindstone":1,"minecraft:cooked_porkchop":15,"minecraft:bucket":23,"minecraft:oak_boat":2,"minecraft:dandelion":1},"minecraft:mined":{"minecraft:diamond_ore":1,"minecraft:tuff":3,"minecraft:deepslate_diamond_ore":27,"minecraft:oak_door":3,"minecraft:obsidian":5,"biomesoplenty:bush":5,"minecraft:grass_block":1,"minecraft:nether_wart":2,"minecraft:large_fern":3,"biomesoplenty:jacaranda_log":2,"biomesoplenty:tall_lavender":2,"minecraft:furnace":4,"minecraft:fire":8,"minecraft:iron_ore":68,"biomesoplenty:lavender":6,"minecraft:deepslate_lapis_ore":2,"minecraft:anvil":1,"biomesoplenty:sea_oats":2,"minecraft:bookshelf":3,"minecraft:deepslate_iron_ore":49,"minecraft:dirt_path":2,"minecraft:blue_orchid":1,"minecraft:stone":103,"minecraft:acacia_leaves":1,"minecraft:scaffolding":1,"minecraft:red_bed":2,"minecraft:soul_sand":2,"minecraft:smoker":7,"minecraft:crafting_table":12,"minecraft:torch":5,"minecraft:blast_furnace":5,"minecraft:tall_grass":8,"minecraft:cobblestone":13,"minecraft:lapis_ore":3,"minecraft:deepslate_gold_ore":24,"minecraft:grindstone":1,"minecraft:sugar_cane":2,"minecraft:oak_planks":7,"travelersbackpack:light_gray_sleeping_bag":1,"minecraft:wall_torch":6,"biomesoplenty:yellow_autumn_leaves":3,"minecraft:birch_log":5,"minecraft:stone_brick_stairs":1,"minecraft:grass":33,"minecraft:oak_log":18,"minecraft:coal_ore":24,"minecraft:dirt":2,"minecraft:gold_ore":10,"minecraft:deepslate":22},"minecraft:crafted":{"minecraft:oak_door":3,"minecraft:oak_planks":40,"minecraft:stone_shovel":1,"simplyswords:iron_twinblade":1,"minecraft:cooked_mutton":6,"minecraft:iron_boots":1,"travelersbackpack:light_gray_sleeping_bag":1,"minecraft:chest":1,"minecraft:oak_button":1,"minecraft:dark_oak_planks":8,"minecraft:cooked_beef":11,"farmersdelight:cooked_mutton_chops":6,"biomesoplenty:jacaranda_planks":4,"minecraft:cooked_porkchop":14,"minecraft:crafting_table":3,"minecraft:iron_helmet":1,"minecraft:wooden_pickaxe":1,"minecraft:raw_gold_block":8,"simplyswords:diamond_rapier":1,"minecraft:bucket":1,"minecraft:mangrove_planks":8,"minecraft:birch_planks":20,"minecraft:stone_axe":2,"farmersdelight:beef_patty":9,"minecraft:air":0,"aether:iron_gloves":1,"minecraft:oak_boat":1,"minecraft:iron_chestplate":1,"minecraft:diamond_pickaxe":1,"minecraft:shield":2,"minecraft:raw_gold":90,"minecraft:stick":60,"minecraft:iron_ingot":37,"minecraft:iron_pickaxe":2,"minecraft:wooden_axe":1,"minecraft:iron_leggings":1,"farmersdelight:cooked_bacon":8,"minecraft:acacia_planks":4,"minecraft:torch":100},"minecraft:dropped":{"minecraft:bread":3,"minecraft:iron_ingot":38,"farmersdelight:iron_knife":1,"minecraft:wheat_seeds":3,"minecraft:cooked_beef":19,"minecraft:oak_log":8,"minecraft:golden_pickaxe":1,"minecraft:cobblestone":4,"minecraft:leather":2,"minecraft:stick":16,"minecraft:dirt":4,"minecraft:red_bed":1,"minecraft:torch":10,"minecraft:wooden_axe":2,"minecraft:iron_leggings":1,"minecraft:gold_nugget":5,"minecraft:iron_pickaxe":1,"minecraft:string":10,"minecraft:bone":4,"minecraft:oak_door":4,"minecraft:furnace":1,"minecraft:cobbled_deepslate":8,"simplyswords:iron_twinblade":2,"minecraft:rotten_flesh":11,"travelersbackpack:light_gray_sleeping_bag":1,"minecraft:cooked_mutton":10,"minecraft:poppy":1,"minecraft:shield":1,"farmersdelight:flint_knife":1,"minecraft:spider_eye":2,"minecraft:raw_gold":1},"minecraft:killed":{"minecraft:cave_spider":1,"minecraft:spider":17,"minecraft:skeleton":13,"minecraft:pig":6,"alexsmobs:seal":6,"minecraft:iron_golem":3,"minecraft:creeper":6,"minecraft:sheep":4,"alexsmobs:cockroach":1,"minecraft:zombie":53,"creeperoverhaul:savannah_creeper":1,"minecraft:cow":2}},"DataVersion":3465}