{"stats":{"minecraft:custom":{"minecraft:interact_with_crafting_table":73,"minecraft:open_barrel":23,"minecraft:leave_game":5,"minecraft:time_since_death":167507,"minecraft:sprint_one_cm":732612,"minecraft:damage_blocked_by_shield":3750,"minecraft:drop":83,"minecraft:play_noteblock":1,"minecraft:talked_to_villager":8,"minecraft:play_time":263801,"minecraft:deaths":2,"minecraft:jump":5838,"minecraft:walk_on_water_one_cm":42460,"minecraft:enchant_item":4,"minecraft:interact_with_furnace":38,"minecraft:interact_with_loom":1,"minecraft:sleep_in_bed":6,"minecraft:damage_dealt":39619,"minecraft:crouch_one_cm":16942,"minecraft:interact_with_smoker":41,"minecraft:interact_with_smithing_table":10,"minecraft:mob_kills":190,"minecraft:interact_with_anvil":3,"minecraft:interact_with_campfire":5,"minecraft:climb_one_cm":1486,"minecraft:walk_one_cm":511858,"minecraft:sneak_time":6714,"minecraft:walk_under_water_one_cm":28163,"minecraft:boat_one_cm":106447,"minecraft:interact_with_blast_furnace":35,"minecraft:total_world_time":263801,"minecraft:interact_with_grindstone":2,"minecraft:time_since_rest":105279,"minecraft:damage_taken":5162,"minecraft:swim_one_cm":45306,"minecraft:fly_one_cm":1296686,"minecraft:open_chest":155,"minecraft:fall_one_cm":140262},"minecraft:broken":{"minecraft:stone_axe":2},"minecraft:killed_by":{"alexsmobs:bison":1,"minecraft:skeleton":1},"minecraft:picked_up":{"minecraft:wooden_axe":2,"minecraft:iron_chestplate":2,"minecraft:anvil":2,"minecraft:smithing_table":3,"biomesoplenty:orange_autumn_sapling":1,"minecraft:enchanted_book":4,"minecraft:string":56,"minecraft:raw_copper":25,"minecraft:cooked_salmon":2,"biomesoplenty:yellow_autumn_sapling":1,"minecraft:iron_leggings":1,"biomesoplenty:tall_lavender":9,"alexsmobs:emu_feather":8,"minecraft:cobbled_deepslate":40,"minecraft:bucket":1,"minecraft:iron_pickaxe":5,"minecraft:iron_boots":2,"minecraft:furnace":9,"minecraft:stick":65,"minecraft:torch":25,"minecraft:acacia_log":1,"minecraft:porkchop":14,"minecraft:rotten_flesh":88,"minecraft:obsidian":4,"minecraft:cod":2,"minecraft:cobblestone":120,"biomesoplenty:lavender":57,"minecraft:birch_log":5,"minecraft:enchanting_table":3,"minecraft:feather":7,"minecraft:cooked_beef":18,"minecraft:water_bucket":1,"minecraft:smoker":13,"alexsmobs:bison_fur":2,"minecraft:tuff":3,"minecraft:dirt":22,"minecraft:lapis_lazuli":148,"minecraft:lantern":1,"minecraft:bone":29,"farmersdelight:iron_knife":1,"minecraft:wheat_seeds":9,"minecraft:raw_gold":63,"minecraft:grindstone":2,"fishofthieves:earthworms":14,"simplyswords:diamond_sai":1,"minecraft:oak_planks":71,"minecraft:cooked_porkchop":34,"minecraft:sand":64,"minecraft:dark_oak_log":5,"alexsmobs:animal_dictionary":1,"simplyswords:iron_twinblade":2,"alexsmobs:kangaroo_hide":16,"minecraft:diamond":39,"minecraft:bread":33,"minecraft:emerald":2,"alexsmobs:maggot":3,"minecraft:oak_sapling":1,"minecraft:crafting_table":21,"minecraft:chicken":1,"minecraft:nether_wart":8,"minecraft:golden_pickaxe":1,"minecraft:shield":3,"minecraft:red_bed":2,"minecraft:iron_axe":2,"minecraft:iron_shovel":3,"minecraft:blue_orchid":1,"minecraft:beef":10,"minecraft:oak_boat":3,"minecraft:poppy":4,"minecraft:light_gray_wool":2,"minecraft:sugar_cane":6,"minecraft:raw_copper_block":3,"minecraft:raw_iron":179,"minecraft:raw_gold_block":2,"minecraft:oak_door":5,"minecraft:dark_oak_planks":8,"minecraft:arrow":28,"biomesoplenty:jacaranda_log":2,"minecraft:mutton":4,"alexsmobs:kangaroo_meat":25,"minecraft:white_wool":1,"minecraft:leather":9,"minecraft:birch_planks":8,"minecraft:oak_log":101,"minecraft:golden_boots":1,"minecraft:gunpowder":11,"minecraft:cooked_mutton":8,"minecraft:apple":4,"minecraft:iron_ingot":53,"minecraft:stone_pickaxe":1,"minecraft:mangrove_planks":8,"minecraft:iron_sword":3,"minecraft:soul_sand":2,"minecraft:book":21,"minecraft:scaffolding":1,"minecraft:blast_furnace":7,"minecraft:spider_eye":11,"travelersbackpack:light_gray_sleeping_bag":3,"minecraft:stone_axe":1,"minecraft:iron_helmet":2,"minecraft:black_wool":2,"minecraft:coal":186,"minecraft:ender_pearl":1},"minecraft:mined":{"minecraft:obsidian":5,"minecraft:grass_block":2,"bushierflowers:grown_dandelion":1,"minecraft:nether_wart":2,"biomesoplenty:tall_lavender":10,"minecraft:iron_ore":68,"minecraft:fire":8,"biomesoplenty:lavender":52,"minecraft:anvil":2,"minecraft:deepslate_lapis_ore":2,"minecraft:enchanting_table":3,"minecraft:dirt_path":2,"minecraft:blue_orchid":1,"minecraft:red_bed":2,"minecraft:smoker":9,"minecraft:torch":5,"minecraft:blast_furnace":6,"minecraft:cobblestone":13,"minecraft:grindstone":2,"minecraft:oak_planks":21,"minecraft:sugar_cane":2,"travelersbackpack:light_gray_sleeping_bag":1,"minecraft:wall_torch":6,"minecraft:birch_log":5,"biomesoplenty:maple_leaves":3,"minecraft:stone_brick_stairs":1,"minecraft:grass":87,"minecraft:oak_log":83,"minecraft:sand":64,"minecraft:dirt":3,"minecraft:oak_leaves":2,"minecraft:deepslate":22,"biomesoplenty:orange_autumn_leaves":1,"minecraft:diamond_ore":1,"minecraft:tuff":3,"minecraft:deepslate_diamond_ore":27,"minecraft:oak_door":3,"minecraft:dark_oak_log":5,"biomesoplenty:bush":7,"minecraft:large_fern":4,"biomesoplenty:jacaranda_log":2,"minecraft:furnace":7,"biomesoplenty:sea_oats":4,"minecraft:bookshelf":4,"minecraft:deepslate_iron_ore":49,"minecraft:stone":104,"minecraft:smithing_table":3,"minecraft:acacia_leaves":1,"minecraft:scaffolding":1,"minecraft:soul_sand":2,"minecraft:crafting_table":18,"minecraft:tall_grass":16,"minecraft:deepslate_gold_ore":24,"minecraft:lapis_ore":3,"biomesoplenty:yellow_autumn_leaves":7,"minecraft:coal_ore":25,"minecraft:gold_ore":10},"minecraft:used":{"minecraft:iron_shovel":65,"minecraft:poppy":2,"minecraft:chest":1,"minecraft:shield":62,"minecraft:iron_sword":22,"minecraft:soul_sand":2,"simplyswords:diamond_rapier":293,"simplyswords:diamond_sai":3,"minecraft:tuff":3,"minecraft:lava_bucket":4,"minecraft:blue_orchid":1,"minecraft:scaffolding":1,"minecraft:furnace":4,"minecraft:stone_pickaxe":87,"minecraft:oak_planks":30,"biomesoplenty:lavender":30,"minecraft:sugar_cane":6,"simplyswords:iron_chakram":19,"minecraft:blast_furnace":4,"minecraft:bread":69,"minecraft:string":1,"biomesoplenty:yellow_autumn_sapling":1,"minecraft:diamond_ore":1,"minecraft:grindstone":1,"minecraft:smithing_table":2,"minecraft:oak_boat":2,"minecraft:enchanting_table":3,"minecraft:cooked_salmon":1,"minecraft:oak_door":4,"minecraft:torch":73,"fishofthieves:earthworms":5,"minecraft:dirt":9,"minecraft:anvil":1,"farmersdelight:beef_patty":6,"minecraft:wooden_axe":56,"minecraft:iron_axe":205,"biomesoplenty:tall_lavender":3,"biomesoplenty:jacaranda_log":1,"farmersdelight:cooked_mutton_chops":2,"minecraft:cooked_beef":6,"minecraft:cobbled_deepslate":32,"farmersdelight:iron_knife":5,"minecraft:water_bucket":26,"minecraft:birch_planks":2,"minecraft:crafting_table":22,"minecraft:red_bed":1,"simplyswords:iron_twinblade":58,"biomesoplenty:orange_autumn_sapling":1,"minecraft:smoker":6,"minecraft:oak_log":15,"minecraft:diamond_pickaxe":8,"minecraft:oak_button":1,"minecraft:iron_pickaxe":302,"travelersbackpack:light_gray_sleeping_bag":1,"minecraft:stone_axe":142,"farmersdelight:cooked_bacon":5,"minecraft:cobblestone":90,"travelersbackpack:standard":18,"minecraft:cooked_porkchop":20,"minecraft:bucket":31,"minecraft:dandelion":1},"minecraft:crafted":{"minecraft:oak_planks":60,"minecraft:dark_oak_boat":1,"minecraft:cooked_mutton":6,"minecraft:glass":27,"minecraft:diamond_helmet":1,"minecraft:diamond_leggings":1,"minecraft:iron_boots":1,"minecraft:chest":3,"minecraft:oak_button":1,"travelersbackpack:iron_tier_upgrade":1,"biomesoplenty:jacaranda_planks":4,"minecraft:cooked_porkchop":14,"minecraft:crafting_table":3,"minecraft:wooden_pickaxe":1,"minecraft:iron_helmet":1,"travelersbackpack:standard":3,"minecraft:raw_gold_block":8,"minecraft:smithing_table":1,"minecraft:birch_planks":20,"farmersdelight:beef_patty":9,"minecraft:iron_chestplate":1,"minecraft:diamond_pickaxe":1,"minecraft:shield":2,"minecraft:stick":60,"minecraft:iron_ingot":67,"minecraft:iron_pickaxe":2,"farmersdelight:cooked_bacon":8,"minecraft:gold_ingot":10,"minecraft:oak_door":3,"minecraft:stone_shovel":1,"simplyswords:iron_twinblade":1,"minecraft:iron_nugget":9,"travelersbackpack:blank_upgrade":4,"travelersbackpack:gold_tier_upgrade":1,"travelersbackpack:white_sleeping_bag":1,"minecraft:leather":8,"minecraft:iron_axe":1,"travelersbackpack:light_gray_sleeping_bag":1,"minecraft:diamond_boots":1,"minecraft:dark_oak_planks":28,"travelersbackpack:spider":1,"minecraft:cooked_beef":21,"farmersdelight:cooked_mutton_chops":6,"simplyswords:iron_chakram":1,"minecraft:enchanting_table":1,"travelersbackpack:backpack_tank":4,"minecraft:mangrove_planks":8,"minecraft:bucket":1,"simplyswords:diamond_rapier":1,"minecraft:stone_axe":2,"minecraft:air":0,"aether:iron_gloves":1,"minecraft:oak_boat":1,"minecraft:white_wool":3,"minecraft:raw_gold":90,"minecraft:wooden_axe":1,"minecraft:iron_leggings":1,"minecraft:acacia_planks":4,"minecraft:torch":100,"minecraft:diamond_chestplate":1},"minecraft:dropped":{"farmersdelight:iron_knife":1,"minecraft:lapis_lazuli":20,"minecraft:cooked_beef":19,"minecraft:oak_log":8,"minecraft:golden_pickaxe":1,"minecraft:leather":2,"alexsmobs:bison_fur":2,"minecraft:dirt":5,"minecraft:red_bed":1,"minecraft:gold_nugget":5,"alexsmobs:emu_feather":8,"minecraft:iron_pickaxe":1,"minecraft:bone":4,"minecraft:oak_door":4,"minecraft:cobbled_deepslate":8,"simplyswords:iron_twinblade":2,"minecraft:rotten_flesh":11,"minecraft:cooked_mutton":10,"minecraft:poppy":2,"biomesoplenty:tall_lavender":5,"minecraft:iron_ingot":38,"minecraft:bread":3,"minecraft:wheat_seeds":6,"minecraft:smithing_table":1,"biomesoplenty:lavender":26,"minecraft:feather":7,"minecraft:cobblestone":4,"minecraft:book":1,"minecraft:stick":16,"minecraft:torch":10,"minecraft:wooden_axe":2,"minecraft:iron_leggings":1,"minecraft:string":10,"minecraft:furnace":1,"alexsmobs:maggot":3,"minecraft:raw_iron":28,"simplyswords:diamond_sai":1,"minecraft:chicken":1,"travelersbackpack:light_gray_sleeping_bag":1,"farmersdelight:flint_knife":1,"minecraft:shield":1,"fishofthieves:earthworms":8,"minecraft:oak_sapling":1,"minecraft:spider_eye":2,"minecraft:raw_gold":1},"minecraft:killed":{"minecraft:cave_spider":1,"minecraft:spider":28,"minecraft:cod":2,"minecraft:skeleton":19,"minecraft:chicken":1,"alexsmobs:kangaroo":15,"minecraft:pig":7,"minecraft:zombie_villager":1,"alexsmobs:seal":6,"minecraft:iron_golem":6,"minecraft:creeper":6,"minecraft:sheep":4,"minecraft:pillager":3,"minecraft:zombie":75,"alexsmobs:fly":1,"minecraft:cow":2,"alexsmobs:seagull":3,"alexsmobs:bison":1,"alexsmobs:emu":1,"alexsmobs:cockroach":1,"alexsmobs:gazelle":1,"creeperoverhaul:savannah_creeper":1,"minecraft:enderman":2}},"DataVersion":3465}