{"stats":{"minecraft:custom":{"minecraft:interact_with_crafting_table":75,"minecraft:open_barrel":49,"minecraft:leave_game":5,"minecraft:time_since_death":197507,"minecraft:sprint_one_cm":912257,"minecraft:damage_blocked_by_shield":3975,"minecraft:drop":90,"minecraft:play_noteblock":1,"minecraft:talked_to_villager":8,"minecraft:play_time":293801,"minecraft:deaths":2,"minecraft:jump":6410,"minecraft:walk_on_water_one_cm":46742,"minecraft:enchant_item":4,"minecraft:interact_with_furnace":38,"minecraft:interact_with_loom":1,"minecraft:sleep_in_bed":7,"minecraft:damage_dealt":49822,"minecraft:crouch_one_cm":18627,"minecraft:interact_with_smoker":41,"minecraft:interact_with_smithing_table":10,"minecraft:mob_kills":238,"minecraft:interact_with_anvil":7,"minecraft:interact_with_campfire":5,"minecraft:climb_one_cm":1741,"minecraft:walk_one_cm":593183,"minecraft:sneak_time":7398,"minecraft:walk_under_water_one_cm":28293,"minecraft:boat_one_cm":106447,"minecraft:interact_with_blast_furnace":35,"minecraft:total_world_time":293801,"minecraft:interact_with_grindstone":2,"minecraft:time_since_rest":24325,"minecraft:damage_taken":6205,"minecraft:swim_one_cm":45306,"minecraft:fly_one_cm":1394171,"minecraft:open_chest":190,"minecraft:fall_one_cm":151262},"minecraft:broken":{"minecraft:stone_axe":2,"aether:iron_gloves":1},"minecraft:killed_by":{"alexsmobs:bison":1,"minecraft:skeleton":1},"minecraft:picked_up":{"minecraft:wooden_axe":2,"minecraft:iron_chestplate":2,"minecraft:anvil":2,"minecraft:smithing_table":3,"biomesoplenty:orange_autumn_sapling":1,"minecraft:enchanted_book":5,"minecraft:brewing_stand":1,"minecraft:string":56,"minecraft:raw_copper":25,"minecraft:cooked_salmon":2,"biomesoplenty:yellow_autumn_sapling":1,"minecraft:iron_leggings":1,"biomesoplenty:tall_lavender":9,"alexsmobs:emu_feather":8,"minecraft:cobbled_deepslate":40,"minecraft:bucket":1,"minecraft:iron_pickaxe":5,"minecraft:iron_boots":2,"minecraft:furnace":9,"minecraft:stick":65,"minecraft:torch":26,"minecraft:acacia_log":1,"minecraft:spruce_stairs":1,"minecraft:porkchop":14,"minecraft:rotten_flesh":116,"travelersbackpack:chicken":2,"minecraft:music_disc_wait":1,"minecraft:obsidian":4,"minecraft:cod":2,"minecraft:cobblestone":125,"biomesoplenty:lavender":57,"minecraft:birch_log":5,"minecraft:enchanting_table":3,"minecraft:feather":7,"minecraft:cooked_beef":18,"minecraft:water_bucket":1,"minecraft:smoker":13,"alexsmobs:bear_fur":3,"alexsmobs:bison_fur":2,"minecraft:tuff":3,"minecraft:dirt":22,"minecraft:lapis_lazuli":148,"minecraft:lantern":1,"minecraft:bone":36,"farmersdelight:iron_knife":1,"minecraft:wheat_seeds":11,"minecraft:raw_gold":63,"minecraft:grindstone":2,"fishofthieves:earthworms":14,"minecraft:glowstone_dust":2,"simplyswords:diamond_sai":1,"minecraft:oak_planks":71,"minecraft:cooked_porkchop":34,"minecraft:sand":64,"minecraft:dark_oak_log":5,"alexsmobs:animal_dictionary":1,"minecraft:mossy_cobblestone":1,"simplyswords:iron_twinblade":2,"alexsmobs:kangaroo_hide":16,"minecraft:sugar":1,"minecraft:diamond":39,"minecraft:bread":33,"minecraft:emerald":5,"alexsmobs:maggot":3,"minecraft:oak_sapling":1,"minecraft:crafting_table":21,"minecraft:chicken":1,"minecraft:nether_wart":8,"minecraft:golden_pickaxe":1,"minecraft:shield":3,"minecraft:red_bed":2,"minecraft:iron_axe":2,"minecraft:iron_shovel":3,"minecraft:blue_orchid":1,"minecraft:beef":15,"minecraft:oak_boat":3,"minecraft:poppy":4,"minecraft:light_gray_wool":2,"minecraft:sugar_cane":6,"minecraft:raw_copper_block":3,"minecraft:raw_iron":179,"minecraft:raw_gold_block":2,"minecraft:oak_door":5,"minecraft:dark_oak_planks":8,"minecraft:arrow":33,"biomesoplenty:jacaranda_log":2,"minecraft:mutton":4,"alexsmobs:kangaroo_meat":25,"minecraft:white_wool":1,"minecraft:leather":10,"minecraft:birch_planks":8,"minecraft:oak_log":101,"minecraft:golden_boots":1,"minecraft:gunpowder":11,"minecraft:cooked_mutton":8,"minecraft:apple":4,"minecraft:iron_ingot":53,"minecraft:stone_pickaxe":1,"minecraft:mangrove_planks":8,"minecraft:iron_sword":3,"minecraft:soul_sand":2,"minecraft:book":45,"minecraft:scaffolding":1,"minecraft:blast_furnace":7,"minecraft:spider_eye":13,"travelersbackpack:light_gray_sleeping_bag":3,"minecraft:stone_axe":1,"minecraft:iron_helmet":2,"minecraft:black_wool":2,"minecraft:coal":186,"minecraft:ender_pearl":1},"minecraft:mined":{"minecraft:brewing_stand":1,"minecraft:obsidian":5,"minecraft:grass_block":2,"bushierflowers:grown_dandelion":1,"minecraft:nether_wart":2,"minecraft:spawner":10,"biomesoplenty:tall_lavender":10,"minecraft:iron_ore":68,"minecraft:fire":8,"biomesoplenty:lavender":52,"minecraft:anvil":2,"minecraft:deepslate_lapis_ore":2,"minecraft:enchanting_table":3,"minecraft:dirt_path":2,"minecraft:blue_orchid":1,"minecraft:red_bed":2,"minecraft:smoker":9,"minecraft:torch":5,"minecraft:blast_furnace":6,"minecraft:cobblestone":19,"minecraft:grindstone":2,"minecraft:oak_planks":21,"minecraft:sugar_cane":2,"travelersbackpack:light_gray_sleeping_bag":1,"minecraft:wall_torch":7,"minecraft:birch_log":5,"biomesoplenty:maple_leaves":3,"minecraft:stone_brick_stairs":1,"minecraft:grass":93,"minecraft:oak_log":83,"minecraft:sand":64,"minecraft:dirt":6,"minecraft:oak_leaves":2,"minecraft:deepslate":22,"biomesoplenty:orange_autumn_leaves":1,"minecraft:diamond_ore":1,"minecraft:tuff":3,"minecraft:mossy_cobblestone":2,"minecraft:deepslate_diamond_ore":27,"minecraft:oak_door":3,"minecraft:dark_oak_log":5,"biomesoplenty:bush":12,"minecraft:large_fern":4,"biomesoplenty:jacaranda_log":2,"minecraft:furnace":7,"biomesoplenty:sea_oats":4,"minecraft:bookshelf":4,"minecraft:deepslate_iron_ore":49,"minecraft:stone":104,"minecraft:smithing_table":3,"minecraft:acacia_leaves":1,"minecraft:scaffolding":1,"minecraft:soul_sand":2,"minecraft:crafting_table":18,"minecraft:tall_grass":16,"minecraft:deepslate_gold_ore":24,"minecraft:lapis_ore":3,"minecraft:spruce_stairs":1,"biomesoplenty:yellow_autumn_leaves":7,"minecraft:coal_ore":25,"minecraft:cracked_stone_bricks":1,"minecraft:gold_ore":10,"minecraft:fern":1},"minecraft:used":{"minecraft:iron_shovel":65,"minecraft:poppy":2,"minecraft:chest":1,"minecraft:shield":64,"minecraft:iron_sword":22,"minecraft:soul_sand":2,"simplyswords:diamond_rapier":424,"simplyswords:diamond_sai":3,"minecraft:tuff":3,"minecraft:lava_bucket":4,"minecraft:blue_orchid":1,"minecraft:scaffolding":1,"minecraft:furnace":4,"minecraft:stone_pickaxe":87,"minecraft:oak_planks":30,"biomesoplenty:lavender":30,"minecraft:sugar_cane":6,"simplyswords:iron_chakram":19,"minecraft:blast_furnace":4,"minecraft:bread":71,"minecraft:string":1,"biomesoplenty:yellow_autumn_sapling":1,"minecraft:diamond_ore":1,"minecraft:grindstone":1,"minecraft:smithing_table":2,"minecraft:oak_boat":2,"minecraft:experience_bottle":1,"minecraft:enchanting_table":3,"minecraft:cooked_salmon":1,"minecraft:oak_door":4,"minecraft:torch":92,"fishofthieves:earthworms":5,"minecraft:dirt":9,"minecraft:anvil":1,"farmersdelight:beef_patty":6,"minecraft:dark_oak_planks":5,"minecraft:wooden_axe":56,"minecraft:iron_axe":211,"biomesoplenty:tall_lavender":3,"biomesoplenty:jacaranda_log":1,"minecraft:golden_carrot":2,"farmersdelight:cooked_mutton_chops":2,"minecraft:cooked_beef":17,"minecraft:cobbled_deepslate":32,"farmersdelight:iron_knife":5,"minecraft:water_bucket":28,"minecraft:birch_planks":2,"minecraft:mossy_cobblestone":1,"minecraft:crafting_table":23,"minecraft:red_bed":1,"simplyswords:iron_twinblade":58,"minecraft:white_bed":1,"minecraft:cod":2,"biomesoplenty:orange_autumn_sapling":1,"minecraft:smoker":6,"minecraft:oak_log":15,"minecraft:diamond_pickaxe":8,"minecraft:oak_button":1,"minecraft:iron_pickaxe":326,"travelersbackpack:light_gray_sleeping_bag":1,"minecraft:stone_axe":142,"farmersdelight:cooked_bacon":5,"minecraft:cobblestone":93,"travelersbackpack:standard":18,"minecraft:cooked_porkchop":20,"minecraft:bucket":33,"minecraft:dandelion":1},"minecraft:crafted":{"minecraft:oak_planks":60,"minecraft:dark_oak_boat":1,"minecraft:cooked_mutton":6,"minecraft:glass":27,"minecraft:diamond_helmet":1,"minecraft:diamond_leggings":1,"minecraft:iron_boots":1,"minecraft:chest":3,"minecraft:oak_button":1,"travelersbackpack:iron_tier_upgrade":1,"biomesoplenty:jacaranda_planks":4,"minecraft:cooked_porkchop":14,"minecraft:crafting_table":3,"minecraft:wooden_pickaxe":1,"minecraft:iron_helmet":1,"travelersbackpack:standard":3,"minecraft:raw_gold_block":8,"minecraft:smithing_table":1,"minecraft:birch_planks":20,"farmersdelight:beef_patty":9,"minecraft:iron_chestplate":1,"minecraft:diamond_pickaxe":1,"minecraft:shield":2,"minecraft:stick":60,"minecraft:iron_ingot":67,"minecraft:iron_pickaxe":2,"farmersdelight:cooked_bacon":8,"minecraft:gold_ingot":10,"minecraft:oak_door":3,"minecraft:stone_shovel":1,"simplyswords:iron_twinblade":1,"minecraft:iron_nugget":9,"travelersbackpack:blank_upgrade":4,"travelersbackpack:gold_tier_upgrade":1,"travelersbackpack:white_sleeping_bag":1,"minecraft:leather":8,"minecraft:iron_axe":1,"travelersbackpack:light_gray_sleeping_bag":1,"minecraft:diamond_boots":1,"minecraft:dark_oak_planks":28,"travelersbackpack:spider":1,"minecraft:cooked_beef":21,"farmersdelight:cooked_mutton_chops":6,"simplyswords:iron_chakram":1,"minecraft:enchanting_table":1,"travelersbackpack:backpack_tank":4,"minecraft:mangrove_planks":8,"minecraft:bucket":1,"simplyswords:diamond_rapier":1,"minecraft:stone_axe":2,"minecraft:air":0,"aether:iron_gloves":1,"minecraft:oak_boat":1,"minecraft:white_wool":6,"minecraft:raw_gold":90,"minecraft:wooden_axe":1,"minecraft:iron_leggings":1,"minecraft:white_bed":1,"minecraft:acacia_planks":4,"minecraft:torch":100,"minecraft:diamond_chestplate":1},"minecraft:dropped":{"farmersdelight:iron_knife":1,"minecraft:lapis_lazuli":20,"minecraft:cooked_beef":19,"minecraft:oak_log":8,"minecraft:golden_pickaxe":1,"minecraft:leather":2,"alexsmobs:bison_fur":2,"minecraft:dirt":5,"minecraft:red_bed":1,"minecraft:gold_nugget":5,"alexsmobs:emu_feather":8,"minecraft:iron_pickaxe":1,"minecraft:bone":4,"minecraft:oak_door":4,"minecraft:cobbled_deepslate":8,"simplyswords:iron_twinblade":2,"minecraft:rotten_flesh":11,"minecraft:cooked_mutton":10,"minecraft:carrot":2,"minecraft:poppy":2,"minecraft:beef":5,"biomesoplenty:tall_lavender":5,"minecraft:iron_ingot":38,"minecraft:bread":3,"minecraft:wheat_seeds":6,"minecraft:smithing_table":1,"travelersbackpack:chicken":1,"biomesoplenty:lavender":26,"minecraft:feather":7,"minecraft:cobblestone":4,"minecraft:book":25,"minecraft:coal":32,"minecraft:stick":16,"minecraft:torch":10,"minecraft:wooden_axe":2,"minecraft:iron_leggings":1,"minecraft:music_disc_wait":1,"minecraft:string":10,"minecraft:furnace":1,"alexsmobs:maggot":3,"minecraft:raw_iron":28,"simplyswords:diamond_sai":1,"minecraft:chicken":1,"travelersbackpack:light_gray_sleeping_bag":1,"alexsmobs:bear_fur":3,"farmersdelight:flint_knife":1,"minecraft:shield":1,"fishofthieves:earthworms":8,"minecraft:oak_sapling":1,"minecraft:spider_eye":2,"minecraft:raw_gold":1},"minecraft:killed":{"minecraft:cave_spider":1,"minecraft:witch":5,"minecraft:spider":28,"minecraft:cod":2,"minecraft:skeleton":28,"minecraft:chicken":1,"alexsmobs:kangaroo":15,"minecraft:pig":7,"alexsmobs:grizzly_bear":2,"minecraft:zombie_villager":1,"alexsmobs:seal":6,"minecraft:iron_golem":6,"minecraft:creeper":6,"minecraft:sheep":4,"minecraft:pillager":3,"minecraft:zombie":105,"alexsmobs:fly":1,"minecraft:cow":4,"alexsmobs:seagull":3,"alexsmobs:bison":1,"alexsmobs:emu":1,"alexsmobs:cockroach":1,"alexsmobs:gazelle":1,"creeperoverhaul:savannah_creeper":1,"minecraft:enderman":2}},"DataVersion":3465}