{"stats":{"minecraft:custom":{"minecraft:mob_kills":46,"minecraft:interact_with_crafting_table":14,"minecraft:open_barrel":2,"minecraft:interact_with_campfire":5,"minecraft:leave_game":4,"minecraft:time_since_death":69524,"minecraft:climb_one_cm":1341,"minecraft:sprint_one_cm":251674,"minecraft:walk_one_cm":182160,"minecraft:damage_blocked_by_shield":330,"minecraft:drop":30,"minecraft:play_noteblock":1,"minecraft:talked_to_villager":2,"minecraft:play_time":77933,"minecraft:deaths":1,"minecraft:sneak_time":1649,"minecraft:walk_under_water_one_cm":578,"minecraft:jump":1830,"minecraft:interact_with_blast_furnace":6,"minecraft:walk_on_water_one_cm":1489,"minecraft:total_world_time":77933,"minecraft:interact_with_furnace":2,"minecraft:sleep_in_bed":4,"minecraft:time_since_rest":17875,"minecraft:damage_taken":1555,"minecraft:damage_dealt":9139,"minecraft:swim_one_cm":489,"minecraft:fly_one_cm":443696,"minecraft:open_chest":74,"minecraft:crouch_one_cm":2754,"minecraft:interact_with_smoker":31,"minecraft:fall_one_cm":41464},"minecraft:broken":{"minecraft:stone_axe":1},"minecraft:killed_by":{"alexsmobs:bison":1},"minecraft:picked_up":{"minecraft:wooden_axe":2,"minecraft:crafting_table":9,"minecraft:nether_wart":8,"minecraft:anvil":1,"biomesoplenty:orange_autumn_sapling":1,"minecraft:string":14,"minecraft:red_bed":2,"minecraft:cooked_salmon":2,"biomesoplenty:yellow_autumn_sapling":1,"biomesoplenty:tall_lavender":2,"minecraft:blue_orchid":1,"minecraft:beef":3,"minecraft:poppy":1,"minecraft:light_gray_wool":2,"minecraft:sugar_cane":6,"minecraft:furnace":4,"minecraft:stick":20,"minecraft:raw_iron":3,"minecraft:torch":10,"minecraft:porkchop":13,"minecraft:dark_oak_planks":8,"minecraft:arrow":6,"minecraft:rotten_flesh":20,"biomesoplenty:jacaranda_log":2,"minecraft:mutton":4,"minecraft:white_wool":1,"minecraft:cobblestone":41,"minecraft:birch_log":5,"biomesoplenty:lavender":4,"minecraft:leather":9,"minecraft:smoker":8,"minecraft:birch_planks":8,"minecraft:oak_log":36,"minecraft:gunpowder":7,"minecraft:dirt":18,"minecraft:lantern":1,"minecraft:cooked_mutton":8,"minecraft:bone":7,"farmersdelight:iron_knife":1,"minecraft:wheat_seeds":6,"minecraft:stone_pickaxe":1,"minecraft:grindstone":1,"minecraft:iron_ingot":6,"fishofthieves:earthworms":6,"minecraft:soul_sand":2,"minecraft:mangrove_planks":8,"minecraft:oak_planks":9,"minecraft:book":9,"minecraft:scaffolding":1,"minecraft:cooked_porkchop":11,"minecraft:blast_furnace":3,"alexsmobs:animal_dictionary":1,"minecraft:spider_eye":3,"travelersbackpack:light_gray_sleeping_bag":3,"simplyswords:iron_twinblade":1,"minecraft:black_wool":2,"minecraft:coal":56},"minecraft:mined":{"biomesoplenty:bush":4,"minecraft:nether_wart":2,"minecraft:large_fern":3,"biomesoplenty:jacaranda_log":2,"biomesoplenty:tall_lavender":2,"minecraft:furnace":4,"minecraft:iron_ore":3,"biomesoplenty:lavender":6,"minecraft:anvil":1,"biomesoplenty:sea_oats":2,"minecraft:bookshelf":3,"minecraft:dirt_path":2,"minecraft:blue_orchid":1,"minecraft:stone":37,"minecraft:acacia_leaves":1,"minecraft:scaffolding":1,"minecraft:red_bed":2,"minecraft:soul_sand":2,"minecraft:smoker":7,"minecraft:crafting_table":8,"minecraft:torch":4,"minecraft:blast_furnace":3,"minecraft:tall_grass":8,"minecraft:cobblestone":8,"minecraft:grindstone":1,"minecraft:sugar_cane":2,"minecraft:oak_planks":4,"travelersbackpack:light_gray_sleeping_bag":1,"minecraft:wall_torch":6,"biomesoplenty:yellow_autumn_leaves":3,"minecraft:birch_log":5,"minecraft:stone_brick_stairs":1,"minecraft:grass":31,"minecraft:oak_log":18,"minecraft:coal_ore":24},"minecraft:used":{"minecraft:shield":6,"minecraft:cooked_salmon":1,"minecraft:torch":15,"fishofthieves:earthworms":5,"minecraft:dirt":6,"minecraft:soul_sand":2,"minecraft:wooden_axe":56,"minecraft:blue_orchid":1,"biomesoplenty:tall_lavender":1,"biomesoplenty:jacaranda_log":1,"minecraft:scaffolding":1,"minecraft:furnace":1,"minecraft:cooked_beef":1,"farmersdelight:iron_knife":5,"minecraft:birch_planks":2,"minecraft:stone_pickaxe":72,"minecraft:oak_planks":9,"biomesoplenty:lavender":3,"minecraft:sugar_cane":6,"minecraft:crafting_table":8,"minecraft:blast_furnace":1,"simplyswords:iron_twinblade":58,"biomesoplenty:orange_autumn_sapling":1,"minecraft:smoker":4,"minecraft:bread":32,"minecraft:oak_button":1,"minecraft:iron_pickaxe":17,"biomesoplenty:yellow_autumn_sapling":1,"minecraft:stone_axe":85,"travelersbackpack:light_gray_sleeping_bag":1,"minecraft:cobblestone":20,"minecraft:cooked_porkchop":1},"minecraft:crafted":{"minecraft:oak_planks":40,"minecraft:stone_shovel":1,"simplyswords:iron_twinblade":1,"minecraft:cooked_mutton":6,"travelersbackpack:light_gray_sleeping_bag":1,"minecraft:oak_button":1,"minecraft:dark_oak_planks":8,"minecraft:cooked_beef":11,"farmersdelight:cooked_mutton_chops":6,"biomesoplenty:jacaranda_planks":4,"minecraft:cooked_porkchop":14,"minecraft:crafting_table":1,"minecraft:wooden_pickaxe":1,"minecraft:mangrove_planks":8,"minecraft:birch_planks":20,"minecraft:stone_axe":2,"minecraft:air":0,"farmersdelight:beef_patty":9,"minecraft:shield":1,"minecraft:stick":60,"minecraft:iron_ingot":3,"minecraft:iron_pickaxe":1,"minecraft:wooden_axe":1,"farmersdelight:cooked_bacon":8,"minecraft:torch":24},"minecraft:dropped":{"minecraft:iron_ingot":3,"farmersdelight:iron_knife":1,"minecraft:wheat_seeds":2,"minecraft:cooked_beef":10,"minecraft:oak_log":8,"minecraft:leather":2,"minecraft:stick":16,"minecraft:dirt":4,"minecraft:red_bed":1,"minecraft:torch":10,"minecraft:wooden_axe":2,"minecraft:gold_nugget":5,"minecraft:string":6,"minecraft:bone":4,"simplyswords:iron_twinblade":2,"minecraft:rotten_flesh":8,"travelersbackpack:light_gray_sleeping_bag":1,"minecraft:cooked_mutton":10,"minecraft:poppy":1,"farmersdelight:flint_knife":1,"minecraft:spider_eye":2},"minecraft:killed":{"minecraft:spider":6,"minecraft:skeleton":2,"minecraft:pig":6,"alexsmobs:seal":6,"minecraft:iron_golem":2,"minecraft:sheep":4,"minecraft:zombie":18,"minecraft:cow":2}},"DataVersion":3465}