{"stats":{"minecraft:picked_up":{"minecraft:wheat_seeds":1},"minecraft:mined":{"minecraft:grass":5,"minecraft:tall_grass":1},"minecraft:custom":{"minecraft:jump":79,"minecraft:open_chest":7,"minecraft:time_since_rest":16339,"minecraft:interact_with_smithing_table":1,"minecraft:damage_dealt":81,"minecraft:crouch_one_cm":2101,"minecraft:sprint_one_cm":13895,"minecraft:leave_game":2,"minecraft:play_time":16339,"minecraft:damage_taken":10,"minecraft:time_since_death":16339,"minecraft:walk_one_cm":14254,"minecraft:sneak_time":559,"minecraft:total_world_time":16339,"minecraft:talked_to_villager":1,"minecraft:fall_one_cm":1465,"minecraft:fly_one_cm":18908}},"DataVersion":3465}