{"stats":{"minecraft:broken":{"minecraft:golden_helmet":1,"minecraft:stone_pickaxe":1,"aether:leather_gloves":1},"minecraft:dropped":{"minecraft:iron_ingot":7,"minecraft:bread":17,"minecraft:wheat_seeds":4,"minecraft:lapis_lazuli":4,"minecraft:glass_bottle":1,"endrem:witch_pupil":3,"minecraft:golden_axe":1,"minecraft:scute":16,"minecraft:coal":12,"minecraft:stick":17,"minecraft:emerald":8,"minecraft:dirt":1,"minecraft:torch":17,"minecraft:wooden_axe":1,"minecraft:potion":4,"minecraft:wooden_sword":1,"minecraft:sugar":1,"minecraft:glistering_melon_slice":3,"fishofthieves:wildsplash":6,"minecraft:cobblestone_wall":1,"minecraft:stone_sword":1,"farmersdelight:cabbage_seeds":2,"minecraft:rotten_flesh":19,"minecraft:iron_boots":1,"fishofthieves:fish_bone":1,"farmersdelight:straw":2,"minecraft:potato":7,"minecraft:gunpowder":2,"minecraft:spruce_planks":8,"minecraft:wooden_pickaxe":1,"minecraft:stone_pickaxe":1},"minecraft:picked_up":{"minecraft:iron_chestplate":1,"minecraft:charcoal":20,"minecraft:crafting_table":9,"minecraft:turtle_helmet":1,"minecraft:sentry_armor_trim_smithing_template":2,"minecraft:wooden_pickaxe":1,"minecraft:oak_stairs":1,"minecraft:potion":5,"minecraft:brewing_stand":10,"alexsmobs:gazelle_horn":1,"minecraft:string":111,"minecraft:raw_copper":6,"minecraft:iron_axe":1,"minecraft:smooth_stone_slab":1,"minecraft:cracked_stone_bricks":1,"alexsmobs:banana":1,"minecraft:bucket":1,"minecraft:spruce_planks":6,"farmersdelight:straw":2,"minecraft:iron_pickaxe":1,"minecraft:spruce_slab":1,"minecraft:sugar_cane":80,"minecraft:furnace":1,"farmersdelight:cabbage_seeds":4,"minecraft:iron_boots":1,"minecraft:golden_helmet":1,"minecraft:stick":8,"minecraft:raw_iron":34,"minecraft:oak_door":1,"minecraft:torch":51,"minecraft:porkchop":11,"minecraft:golden_axe":2,"minecraft:carrot":1,"minecraft:cauldron":6,"minecraft:arrow":6,"minecraft:rotten_flesh":31,"minecraft:pumpkin_pie":2,"minecraft:hay_block":7,"minecraft:saddle":1,"minecraft:glistering_melon_slice":4,"minecraft:mutton":9,"minecraft:white_wool":5,"minecraft:cobblestone":421,"minecraft:magma_cream":10,"minecraft:water_bucket":2,"minecraft:jungle_log":2,"minecraft:smoker":6,"minecraft:potato":19,"minecraft:filled_map":1,"minecraft:oak_log":24,"minecraft:cobblestone_wall":1,"biomesoplenty:jacaranda_planks":2,"minecraft:gunpowder":2,"fishofthieves:wildsplash":14,"minecraft:lapis_lazuli":10,"minecraft:dirt":75,"minecraft:name_tag":4,"minecraft:bone":17,"minecraft:wheat_seeds":51,"minecraft:stone_pickaxe":2,"minecraft:iron_ingot":7,"fishofthieves:earthworms":7,"minecraft:mossy_stone_bricks":1,"minecraft:cyan_candle":3,"minecraft:glass_bottle":9,"minecraft:oak_planks":69,"minecraft:ghast_tear":6,"endrem:witch_pupil":3,"minecraft:dandelion":2,"minecraft:jungle_planks":12,"minecraft:stripped_spruce_log":4,"minecraft:white_bed":1,"farmersdelight:ham":3,"minecraft:spider_eye":3,"minecraft:mossy_cobblestone":1,"fishofthieves:fish_bone":1,"alexsmobs:raw_catfish":14,"biomesoplenty:mahogany_log":3,"minecraft:sugar":1,"minecraft:slime_ball":34,"minecraft:light_gray_candle":4,"minecraft:stone_axe":1,"minecraft:light_blue_carpet":1,"minecraft:scute":21,"minecraft:golden_apple":2,"minecraft:emerald":26,"minecraft:bread":7,"minecraft:coal":60},"minecraft:crafted":{"minecraft:wooden_sword":1,"minecraft:oak_door":3,"minecraft:oak_planks":92,"minecraft:stone_shovel":1,"minecraft:furnace":2,"minecraft:cooked_mutton":10,"minecraft:stone_pickaxe":1,"minecraft:stone_hoe":1,"minecraft:wheat":63,"minecraft:turtle_helmet":1,"minecraft:cooked_porkchop":1,"minecraft:crafting_table":3,"farmersdelight:iron_knife":1,"minecraft:spruce_planks":16,"minecraft:wooden_pickaxe":1,"minecraft:iron_sword":1,"minecraft:bucket":1,"minecraft:stone_axe":1,"minecraft:bread":21,"minecraft:air":0,"minecraft:jungle_planks":8,"minecraft:lime_bed":1,"minecraft:iron_chestplate":1,"minecraft:shield":1,"minecraft:stick":40,"minecraft:iron_ingot":17,"minecraft:iron_pickaxe":1,"minecraft:wooden_axe":1,"minecraft:stone_sword":1,"minecraft:white_bed":1,"minecraft:torch":28},"minecraft:mined":{"minecraft:spruce_planks":8,"biomesoplenty:watergrass":180,"minecraft:mossy_cobblestone":1,"minecraft:oak_door":1,"minecraft:jungle_leaves":2,"minecraft:brewing_stand":2,"minecraft:light_blue_carpet":1,"biomesoplenty:bush":4,"minecraft:grass_block":49,"minecraft:jungle_planks":5,"minecraft:jungle_log":2,"minecraft:hay_block":4,"minecraft:tall_seagrass":1,"minecraft:iron_ore":34,"minecraft:stripped_spruce_log":4,"minecraft:moss_carpet":1,"minecraft:deepslate_lapis_ore":1,"minecraft:water_cauldron":3,"minecraft:vine":3,"minecraft:oak_stairs":1,"biomesoplenty:webbing":5,"minecraft:stone":186,"biomesoplenty:jacaranda_leaves":1,"minecraft:smoker":3,"minecraft:oak_fence":2,"minecraft:crafting_table":9,"minecraft:torch":5,"minecraft:campfire":1,"minecraft:tall_grass":64,"minecraft:cobblestone":63,"minecraft:slime_block":2,"biomesoplenty:sprout":5,"minecraft:lapis_ore":2,"minecraft:sugar_cane":19,"minecraft:oak_planks":4,"minecraft:wall_torch":4,"minecraft:seagrass":5,"minecraft:cobblestone_wall":1,"biomesoplenty:mahogany_log":3,"minecraft:smooth_stone_slab":1,"minecraft:grass":221,"minecraft:oak_log":27,"minecraft:coal_ore":33,"minecraft:dirt":42,"minecraft:cobweb":49,"minecraft:cracked_stone_bricks":1,"minecraft:mossy_stone_bricks":1,"minecraft:oak_leaves":6,"minecraft:fern":10,"biomesoplenty:reed":25},"minecraft:custom":{"minecraft:interact_with_smithing_table":1,"minecraft:mob_kills":81,"minecraft:interact_with_crafting_table":36,"minecraft:open_barrel":134,"minecraft:fill_cauldron":5,"minecraft:leave_game":5,"minecraft:time_since_death":7347,"minecraft:climb_one_cm":3732,"minecraft:sprint_one_cm":376715,"minecraft:walk_one_cm":350932,"minecraft:drop":67,"minecraft:talked_to_villager":1,"minecraft:play_time":145268,"minecraft:sneak_time":6477,"minecraft:deaths":7,"minecraft:walk_under_water_one_cm":8214,"minecraft:interact_with_brewingstand":6,"minecraft:jump":2228,"minecraft:walk_on_water_one_cm":57797,"minecraft:total_world_time":145268,"minecraft:interact_with_furnace":48,"minecraft:sleep_in_bed":7,"minecraft:time_since_rest":7371,"minecraft:damage_taken":3207,"minecraft:damage_dealt":12792,"minecraft:swim_one_cm":38410,"minecraft:fly_one_cm":375824,"minecraft:open_chest":40,"minecraft:crouch_one_cm":21104,"minecraft:interact_with_smoker":3,"minecraft:fall_one_cm":41092,"minecraft:use_cauldron":33},"minecraft:killed_by":{"creeperoverhaul:hills_creeper":1,"minecraft:drowned":1,"minecraft:skeleton":3,"minecraft:witch":2},"minecraft:used":{"minecraft:stone_sword":5,"minecraft:spruce_slab":1,"minecraft:stone_shovel":80,"minecraft:spruce_planks":6,"minecraft:iron_sword":379,"minecraft:stone_hoe":1,"minecraft:iron_chestplate":1,"minecraft:oak_door":2,"minecraft:torch":16,"fishofthieves:earthworms":1,"minecraft:dirt":32,"minecraft:jungle_planks":1,"minecraft:carrot":1,"minecraft:milk_bucket":2,"minecraft:dark_oak_planks":1,"minecraft:wooden_axe":20,"minecraft:oak_stairs":1,"minecraft:golden_carrot":2,"minecraft:furnace":4,"alexsmobs:banana":1,"minecraft:potato":5,"minecraft:light_blue_carpet":1,"alexsmobs:raw_catfish":2,"minecraft:cooked_mutton":10,"farmersdelight:iron_knife":34,"minecraft:water_bucket":10,"minecraft:mossy_stone_bricks":1,"minecraft:oak_planks":17,"minecraft:stone_pickaxe":145,"minecraft:glass_bottle":81,"minecraft:cyan_candle":6,"minecraft:wooden_pickaxe":39,"minecraft:leather_boots":1,"minecraft:cracked_stone_bricks":1,"minecraft:golden_apple":1,"minecraft:mossy_cobblestone":1,"minecraft:lime_bed":1,"minecraft:crafting_table":11,"minecraft:white_bed":2,"minecraft:oak_log":1,"minecraft:bread":11,"minecraft:iron_pickaxe":165,"minecraft:light_gray_candle":4,"minecraft:stone_axe":44,"minecraft:wooden_sword":16,"minecraft:cobblestone":156,"minecraft:potion":69,"minecraft:cooked_porkchop":1,"minecraft:bucket":12,"minecraft:pumpkin_pie":4,"minecraft:smooth_stone_slab":1,"alexsmobs:animal_dictionary":1,"minecraft:air":13},"minecraft:killed":{"minecraft:witch":15,"alexsmobs:anaconda":1,"minecraft:spider":5,"minecraft:slime":13,"fishofthieves:wildsplash":2,"minecraft:skeleton":6,"minecraft:drowned":2,"minecraft:pig":7,"minecraft:sheep":5,"alexsmobs:catfish":7,"minecraft:zombie":17,"alexsmobs:gazelle":1}},"DataVersion":3465}