{"stats":{"minecraft:custom":{"minecraft:mob_kills":110,"minecraft:interact_with_crafting_table":34,"minecraft:open_barrel":23,"minecraft:interact_with_campfire":5,"minecraft:leave_game":5,"minecraft:time_since_death":47507,"minecraft:climb_one_cm":1341,"minecraft:sprint_one_cm":493772,"minecraft:walk_one_cm":342940,"minecraft:damage_blocked_by_shield":2520,"minecraft:drop":48,"minecraft:play_noteblock":1,"minecraft:talked_to_villager":2,"minecraft:play_time":143801,"minecraft:deaths":2,"minecraft:sneak_time":4496,"minecraft:walk_under_water_one_cm":18885,"minecraft:jump":3521,"minecraft:interact_with_blast_furnace":29,"minecraft:walk_on_water_one_cm":29970,"minecraft:total_world_time":143801,"minecraft:interact_with_furnace":2,"minecraft:interact_with_loom":1,"minecraft:sleep_in_bed":5,"minecraft:time_since_rest":47530,"minecraft:damage_taken":3701,"minecraft:damage_dealt":20826,"minecraft:swim_one_cm":23213,"minecraft:fly_one_cm":766328,"minecraft:open_chest":87,"minecraft:crouch_one_cm":13054,"minecraft:interact_with_smoker":31,"minecraft:fall_one_cm":90811},"minecraft:broken":{"minecraft:stone_axe":2},"minecraft:killed_by":{"alexsmobs:bison":1,"minecraft:skeleton":1},"minecraft:picked_up":{"minecraft:wooden_axe":2,"minecraft:iron_chestplate":2,"minecraft:crafting_table":14,"minecraft:nether_wart":8,"minecraft:anvil":1,"minecraft:golden_pickaxe":1,"biomesoplenty:orange_autumn_sapling":1,"minecraft:enchanted_book":4,"minecraft:shield":3,"minecraft:string":47,"minecraft:red_bed":2,"minecraft:raw_copper":25,"minecraft:iron_axe":2,"minecraft:cooked_salmon":2,"biomesoplenty:yellow_autumn_sapling":1,"minecraft:iron_leggings":1,"biomesoplenty:tall_lavender":2,"minecraft:iron_shovel":3,"minecraft:blue_orchid":1,"minecraft:cobbled_deepslate":28,"minecraft:bucket":1,"minecraft:beef":3,"minecraft:oak_boat":2,"minecraft:poppy":1,"minecraft:iron_pickaxe":5,"minecraft:light_gray_wool":2,"minecraft:sugar_cane":6,"minecraft:raw_copper_block":3,"minecraft:iron_boots":2,"minecraft:furnace":6,"minecraft:oak_door":5,"minecraft:stick":65,"minecraft:raw_iron":146,"minecraft:raw_gold_block":2,"minecraft:torch":25,"minecraft:acacia_log":1,"minecraft:porkchop":13,"minecraft:dark_oak_planks":8,"minecraft:rotten_flesh":63,"minecraft:arrow":21,"biomesoplenty:jacaranda_log":2,"minecraft:obsidian":4,"minecraft:mutton":4,"minecraft:white_wool":1,"minecraft:cobblestone":74,"biomesoplenty:lavender":4,"minecraft:birch_log":5,"minecraft:cooked_beef":18,"minecraft:water_bucket":1,"minecraft:leather":9,"minecraft:smoker":11,"minecraft:birch_planks":8,"minecraft:tuff":3,"minecraft:oak_log":36,"minecraft:golden_boots":1,"minecraft:gunpowder":11,"minecraft:lapis_lazuli":68,"minecraft:dirt":18,"minecraft:lantern":1,"minecraft:cooked_mutton":8,"minecraft:bone":18,"farmersdelight:iron_knife":1,"minecraft:apple":4,"minecraft:wheat_seeds":6,"minecraft:raw_gold":63,"minecraft:stone_pickaxe":1,"minecraft:grindstone":1,"minecraft:iron_ingot":34,"fishofthieves:earthworms":6,"minecraft:iron_sword":3,"minecraft:mangrove_planks":8,"minecraft:oak_planks":54,"minecraft:soul_sand":2,"minecraft:book":17,"minecraft:scaffolding":1,"minecraft:cooked_porkchop":24,"minecraft:blast_furnace":6,"alexsmobs:animal_dictionary":1,"minecraft:spider_eye":8,"simplyswords:iron_twinblade":2,"travelersbackpack:light_gray_sleeping_bag":3,"minecraft:diamond":35,"minecraft:stone_axe":1,"minecraft:iron_helmet":2,"minecraft:bread":32,"minecraft:black_wool":2,"minecraft:coal":135},"minecraft:used":{"minecraft:chest":1,"minecraft:shield":42,"minecraft:iron_sword":22,"minecraft:cooked_salmon":1,"minecraft:oak_door":4,"minecraft:torch":70,"minecraft:soul_sand":2,"fishofthieves:earthworms":5,"minecraft:dirt":6,"minecraft:tuff":3,"minecraft:wooden_axe":56,"minecraft:iron_axe":83,"minecraft:blue_orchid":1,"biomesoplenty:tall_lavender":1,"biomesoplenty:jacaranda_log":1,"minecraft:scaffolding":1,"minecraft:furnace":1,"minecraft:cooked_beef":2,"minecraft:cobbled_deepslate":16,"farmersdelight:iron_knife":5,"minecraft:water_bucket":17,"minecraft:birch_planks":2,"minecraft:stone_pickaxe":87,"minecraft:oak_planks":10,"biomesoplenty:lavender":3,"minecraft:sugar_cane":6,"minecraft:blast_furnace":3,"minecraft:red_bed":1,"minecraft:crafting_table":15,"simplyswords:iron_twinblade":58,"biomesoplenty:orange_autumn_sapling":1,"minecraft:smoker":4,"minecraft:diamond_pickaxe":5,"minecraft:bread":55,"minecraft:string":1,"minecraft:oak_button":1,"minecraft:iron_pickaxe":176,"biomesoplenty:yellow_autumn_sapling":1,"minecraft:diamond_ore":1,"minecraft:stone_axe":142,"travelersbackpack:light_gray_sleeping_bag":1,"minecraft:cobblestone":48,"minecraft:cooked_porkchop":15,"minecraft:bucket":18,"minecraft:oak_boat":2},"minecraft:mined":{"minecraft:diamond_ore":1,"minecraft:tuff":3,"minecraft:deepslate_diamond_ore":23,"minecraft:oak_door":3,"minecraft:obsidian":5,"biomesoplenty:bush":4,"minecraft:nether_wart":2,"minecraft:large_fern":3,"biomesoplenty:jacaranda_log":2,"biomesoplenty:tall_lavender":2,"minecraft:furnace":4,"minecraft:fire":8,"minecraft:iron_ore":46,"biomesoplenty:lavender":6,"minecraft:deepslate_lapis_ore":2,"minecraft:anvil":1,"biomesoplenty:sea_oats":2,"minecraft:bookshelf":3,"minecraft:deepslate_iron_ore":29,"minecraft:dirt_path":2,"minecraft:blue_orchid":1,"minecraft:stone":42,"minecraft:acacia_leaves":1,"minecraft:scaffolding":1,"minecraft:red_bed":2,"minecraft:soul_sand":2,"minecraft:smoker":7,"minecraft:crafting_table":11,"minecraft:torch":5,"minecraft:blast_furnace":5,"minecraft:tall_grass":8,"minecraft:cobblestone":13,"minecraft:lapis_ore":3,"minecraft:deepslate_gold_ore":24,"minecraft:grindstone":1,"minecraft:sugar_cane":2,"minecraft:oak_planks":4,"travelersbackpack:light_gray_sleeping_bag":1,"minecraft:wall_torch":6,"biomesoplenty:yellow_autumn_leaves":3,"minecraft:birch_log":5,"minecraft:stone_brick_stairs":1,"minecraft:grass":31,"minecraft:oak_log":18,"minecraft:coal_ore":24,"minecraft:gold_ore":7,"minecraft:deepslate":17},"minecraft:crafted":{"minecraft:oak_door":3,"minecraft:oak_planks":40,"minecraft:stone_shovel":1,"simplyswords:iron_twinblade":1,"minecraft:cooked_mutton":6,"minecraft:iron_boots":1,"travelersbackpack:light_gray_sleeping_bag":1,"minecraft:chest":1,"minecraft:oak_button":1,"minecraft:dark_oak_planks":8,"minecraft:cooked_beef":11,"farmersdelight:cooked_mutton_chops":6,"biomesoplenty:jacaranda_planks":4,"minecraft:cooked_porkchop":14,"minecraft:crafting_table":3,"minecraft:iron_helmet":1,"minecraft:wooden_pickaxe":1,"minecraft:raw_gold_block":8,"minecraft:bucket":1,"minecraft:mangrove_planks":8,"minecraft:birch_planks":20,"minecraft:stone_axe":2,"farmersdelight:beef_patty":9,"minecraft:air":0,"minecraft:oak_boat":1,"minecraft:iron_chestplate":1,"minecraft:diamond_pickaxe":1,"minecraft:shield":2,"minecraft:raw_gold":18,"minecraft:stick":60,"minecraft:iron_ingot":37,"minecraft:iron_pickaxe":2,"minecraft:wooden_axe":1,"minecraft:iron_leggings":1,"farmersdelight:cooked_bacon":8,"minecraft:acacia_planks":4,"minecraft:torch":100},"minecraft:dropped":{"minecraft:bread":3,"minecraft:iron_ingot":38,"farmersdelight:iron_knife":1,"minecraft:wheat_seeds":2,"minecraft:cooked_beef":19,"minecraft:oak_log":8,"minecraft:golden_pickaxe":1,"minecraft:leather":2,"minecraft:stick":16,"minecraft:dirt":4,"minecraft:red_bed":1,"minecraft:torch":10,"minecraft:wooden_axe":2,"minecraft:iron_leggings":1,"minecraft:gold_nugget":5,"minecraft:iron_pickaxe":1,"minecraft:string":10,"minecraft:bone":4,"minecraft:oak_door":4,"minecraft:furnace":1,"simplyswords:iron_twinblade":2,"minecraft:rotten_flesh":11,"travelersbackpack:light_gray_sleeping_bag":1,"minecraft:cooked_mutton":10,"minecraft:poppy":1,"minecraft:shield":1,"farmersdelight:flint_knife":1,"minecraft:spider_eye":2,"minecraft:raw_gold":1},"minecraft:killed":{"minecraft:cave_spider":1,"minecraft:spider":17,"minecraft:skeleton":12,"minecraft:pig":6,"alexsmobs:seal":6,"minecraft:iron_golem":2,"minecraft:creeper":6,"minecraft:sheep":4,"alexsmobs:cockroach":1,"minecraft:zombie":51,"creeperoverhaul:savannah_creeper":1,"minecraft:cow":2}},"DataVersion":3465}