{"stats":{"minecraft:broken":{"minecraft:golden_helmet":1,"minecraft:stone_pickaxe":1},"minecraft:dropped":{"minecraft:iron_ingot":7,"minecraft:bread":17,"minecraft:wheat_seeds":4,"minecraft:glass_bottle":1,"minecraft:coal":12,"minecraft:stick":17,"minecraft:dirt":1,"minecraft:torch":17,"minecraft:wooden_axe":1,"minecraft:potion":3,"minecraft:wooden_sword":1,"minecraft:sugar":1,"minecraft:cobblestone_wall":1,"minecraft:stone_sword":1,"farmersdelight:cabbage_seeds":2,"minecraft:iron_boots":1,"farmersdelight:straw":2,"minecraft:potato":7,"minecraft:spruce_planks":8,"minecraft:wooden_pickaxe":1,"minecraft:stone_pickaxe":1},"minecraft:picked_up":{"minecraft:charcoal":2,"minecraft:crafting_table":9,"minecraft:wooden_pickaxe":1,"minecraft:oak_stairs":1,"minecraft:potion":2,"minecraft:brewing_stand":1,"alexsmobs:gazelle_horn":1,"minecraft:string":29,"minecraft:raw_copper":6,"minecraft:smooth_stone_slab":1,"minecraft:cracked_stone_bricks":1,"alexsmobs:banana":1,"minecraft:spruce_planks":1,"farmersdelight:straw":2,"minecraft:spruce_slab":1,"minecraft:sugar_cane":40,"farmersdelight:cabbage_seeds":4,"minecraft:iron_boots":1,"minecraft:furnace":1,"minecraft:golden_helmet":1,"minecraft:stick":2,"minecraft:raw_iron":34,"minecraft:oak_door":1,"minecraft:torch":23,"minecraft:porkchop":11,"minecraft:cauldron":2,"minecraft:arrow":3,"minecraft:pumpkin_pie":2,"minecraft:hay_block":7,"minecraft:mutton":9,"minecraft:cobblestone":239,"minecraft:white_wool":5,"minecraft:jungle_log":2,"minecraft:potato":19,"minecraft:filled_map":1,"minecraft:oak_log":19,"minecraft:cobblestone_wall":1,"biomesoplenty:jacaranda_planks":2,"minecraft:lapis_lazuli":10,"minecraft:dirt":75,"minecraft:bone":4,"minecraft:wheat_seeds":40,"minecraft:stone_pickaxe":2,"minecraft:iron_ingot":7,"fishofthieves:earthworms":7,"minecraft:mossy_stone_bricks":1,"minecraft:cyan_candle":3,"minecraft:glass_bottle":5,"minecraft:oak_planks":2,"minecraft:dandelion":2,"minecraft:jungle_planks":12,"minecraft:stripped_spruce_log":4,"minecraft:white_bed":1,"farmersdelight:ham":3,"minecraft:spider_eye":3,"minecraft:mossy_cobblestone":1,"biomesoplenty:mahogany_log":3,"minecraft:sugar":1,"minecraft:slime_ball":11,"minecraft:light_gray_candle":4,"minecraft:light_blue_carpet":1,"minecraft:scute":5,"minecraft:bread":7,"minecraft:coal":48},"minecraft:crafted":{"minecraft:wooden_sword":1,"minecraft:oak_door":3,"minecraft:oak_planks":76,"minecraft:stone_shovel":1,"minecraft:furnace":2,"minecraft:cooked_mutton":10,"minecraft:stone_pickaxe":1,"minecraft:stone_hoe":1,"minecraft:wheat":63,"minecraft:turtle_helmet":1,"minecraft:cooked_porkchop":1,"minecraft:crafting_table":3,"minecraft:spruce_planks":16,"farmersdelight:iron_knife":1,"minecraft:wooden_pickaxe":1,"minecraft:iron_sword":1,"minecraft:bucket":1,"minecraft:stone_axe":1,"minecraft:bread":21,"minecraft:air":0,"minecraft:jungle_planks":8,"minecraft:lime_bed":1,"minecraft:iron_chestplate":1,"minecraft:shield":1,"minecraft:stick":40,"minecraft:iron_ingot":17,"minecraft:iron_pickaxe":1,"minecraft:wooden_axe":1,"minecraft:stone_sword":1,"minecraft:white_bed":1,"minecraft:torch":28},"minecraft:mined":{"minecraft:spruce_planks":1,"biomesoplenty:watergrass":86,"minecraft:mossy_cobblestone":1,"minecraft:oak_door":1,"minecraft:jungle_leaves":2,"minecraft:light_blue_carpet":1,"minecraft:brewing_stand":1,"biomesoplenty:bush":4,"minecraft:grass_block":49,"minecraft:jungle_planks":5,"minecraft:jungle_log":2,"minecraft:hay_block":4,"minecraft:tall_seagrass":1,"minecraft:iron_ore":34,"minecraft:stripped_spruce_log":4,"minecraft:moss_carpet":1,"minecraft:deepslate_lapis_ore":1,"minecraft:water_cauldron":2,"minecraft:oak_stairs":1,"biomesoplenty:webbing":5,"minecraft:stone":186,"biomesoplenty:jacaranda_leaves":1,"minecraft:crafting_table":9,"minecraft:torch":3,"minecraft:campfire":1,"minecraft:tall_grass":31,"minecraft:cobblestone":61,"minecraft:sugar_cane":19,"biomesoplenty:sprout":5,"minecraft:lapis_ore":2,"minecraft:oak_planks":1,"minecraft:wall_torch":4,"minecraft:cobblestone_wall":1,"biomesoplenty:mahogany_log":3,"minecraft:smooth_stone_slab":1,"minecraft:grass":134,"minecraft:oak_log":19,"minecraft:coal_ore":33,"minecraft:dirt":42,"minecraft:cobweb":25,"minecraft:cracked_stone_bricks":1,"minecraft:mossy_stone_bricks":1,"minecraft:oak_leaves":6,"minecraft:fern":10,"biomesoplenty:reed":9},"minecraft:custom":{"minecraft:interact_with_smithing_table":1,"minecraft:mob_kills":38,"minecraft:interact_with_crafting_table":36,"minecraft:open_barrel":31,"minecraft:fill_cauldron":5,"minecraft:leave_game":3,"minecraft:time_since_death":74939,"minecraft:climb_one_cm":429,"minecraft:sprint_one_cm":222882,"minecraft:walk_one_cm":259896,"minecraft:drop":50,"minecraft:talked_to_villager":1,"minecraft:play_time":108486,"minecraft:deaths":5,"minecraft:sneak_time":5696,"minecraft:walk_under_water_one_cm":7155,"minecraft:interact_with_brewingstand":5,"minecraft:jump":1669,"minecraft:walk_on_water_one_cm":27460,"minecraft:total_world_time":108486,"minecraft:interact_with_furnace":48,"minecraft:sleep_in_bed":6,"minecraft:time_since_rest":22337,"minecraft:damage_taken":1871,"minecraft:damage_dealt":4197,"minecraft:swim_one_cm":33278,"minecraft:fly_one_cm":258552,"minecraft:open_chest":25,"minecraft:crouch_one_cm":18793,"minecraft:interact_with_smoker":1,"minecraft:use_cauldron":28,"minecraft:fall_one_cm":33815},"minecraft:killed_by":{"creeperoverhaul:hills_creeper":1,"minecraft:drowned":1,"minecraft:skeleton":1,"minecraft:witch":2},"minecraft:used":{"minecraft:stone_sword":5,"minecraft:spruce_slab":1,"minecraft:stone_shovel":80,"minecraft:spruce_planks":1,"minecraft:iron_sword":117,"minecraft:stone_hoe":1,"minecraft:iron_chestplate":1,"minecraft:oak_door":2,"minecraft:torch":9,"fishofthieves:earthworms":1,"minecraft:dirt":32,"minecraft:jungle_planks":1,"minecraft:dark_oak_planks":1,"minecraft:wooden_axe":20,"minecraft:oak_stairs":1,"minecraft:furnace":4,"alexsmobs:banana":1,"minecraft:potato":5,"minecraft:light_blue_carpet":1,"minecraft:cooked_mutton":5,"farmersdelight:iron_knife":34,"minecraft:mossy_stone_bricks":1,"minecraft:water_bucket":10,"minecraft:stone_pickaxe":145,"minecraft:glass_bottle":47,"minecraft:cyan_candle":6,"minecraft:oak_planks":6,"minecraft:wooden_pickaxe":39,"minecraft:leather_boots":1,"minecraft:cracked_stone_bricks":1,"minecraft:mossy_cobblestone":1,"minecraft:crafting_table":11,"minecraft:lime_bed":1,"minecraft:white_bed":2,"minecraft:bread":11,"minecraft:light_gray_candle":4,"minecraft:iron_pickaxe":158,"minecraft:stone_axe":12,"minecraft:wooden_sword":16,"minecraft:cobblestone":142,"minecraft:potion":37,"minecraft:bucket":11,"minecraft:smooth_stone_slab":1,"minecraft:pumpkin_pie":1,"alexsmobs:animal_dictionary":1,"minecraft:air":9},"minecraft:killed":{"minecraft:witch":3,"alexsmobs:anaconda":1,"minecraft:spider":4,"minecraft:slime":12,"minecraft:skeleton":3,"minecraft:pig":7,"minecraft:sheep":5,"minecraft:zombie":2,"alexsmobs:gazelle":1}},"DataVersion":3465}