{"stats":{"minecraft:picked_up":{"minecraft:iron_chestplate":6,"minecraft:wheat":20,"minecraft:sentry_armor_trim_smithing_template":2,"minecraft:oak_stairs":1,"minecraft:potion":7,"minecraft:brewing_stand":10,"alexsmobs:gazelle_horn":1,"minecraft:string":125,"minecraft:raw_copper":136,"minecraft:smooth_stone_slab":1,"minecraft:iron_leggings":2,"alexsmobs:banana":1,"minecraft:cobbled_deepslate":158,"minecraft:bucket":1,"minecraft:spruce_planks":8,"minecraft:cobblestone_slab":6,"minecraft:iron_pickaxe":5,"farmersdelight:cabbage_seeds":4,"minecraft:furnace":5,"minecraft:iron_boots":4,"minecraft:golden_helmet":1,"minecraft:stick":45,"minecraft:oak_fence":2,"minecraft:torch":117,"minecraft:porkchop":16,"minecraft:golden_axe":2,"minecraft:cauldron":18,"minecraft:rotten_flesh":55,"minecraft:cobblestone":1215,"minecraft:magma_cream":10,"minecraft:water_bucket":7,"minecraft:jungle_log":5,"minecraft:smoker":14,"minecraft:potato":19,"minecraft:tuff":60,"fishofthieves:wildsplash":15,"minecraft:lapis_lazuli":110,"minecraft:dirt":154,"minecraft:name_tag":4,"minecraft:bone":30,"farmersdelight:iron_knife":3,"minecraft:bow":5,"minecraft:wheat_seeds":78,"minecraft:raw_gold":25,"fishofthieves:earthworms":20,"minecraft:cyan_candle":3,"minecraft:mossy_stone_bricks":1,"minecraft:oak_planks":84,"minecraft:ghast_tear":6,"minecraft:cooked_porkchop":9,"alexsmobs:crocodile_egg":1,"minecraft:jungle_planks":20,"minecraft:stripped_spruce_log":5,"farmersdelight:ham":5,"minecraft:mossy_cobblestone":1,"alexsmobs:animal_dictionary":1,"minecraft:iron_hoe":1,"minecraft:sugar":1,"biomesoplenty:willow_log":99,"minecraft:diamond":3,"minecraft:slime_block":1,"minecraft:lever":1,"minecraft:bone_meal":1,"minecraft:golden_apple":5,"minecraft:bread":14,"minecraft:emerald":36,"alexsmobs:maggot":1,"minecraft:cocoa_beans":3,"minecraft:charcoal":20,"minecraft:crafting_table":16,"minecraft:turtle_helmet":4,"minecraft:wooden_pickaxe":8,"minecraft:gold_block":2,"minecraft:shield":4,"alexsmobs:cooked_catfish":30,"minecraft:iron_axe":5,"minecraft:compass":1,"biomesoplenty:willow_planks":2,"minecraft:cracked_stone_bricks":1,"farmersdelight:straw":2,"minecraft:poppy":1,"minecraft:spruce_slab":1,"minecraft:sugar_cane":80,"minecraft:chest":3,"minecraft:raw_iron":216,"minecraft:stone":1,"minecraft:oak_door":2,"minecraft:carrot":2,"minecraft:redstone":23,"minecraft:arrow":33,"minecraft:pumpkin_pie":2,"biomesoplenty:willow_sapling":12,"minecraft:hay_block":7,"minecraft:glistering_melon_slice":4,"minecraft:saddle":1,"minecraft:gold_ingot":27,"minecraft:mutton":9,"minecraft:white_wool":5,"minecraft:filled_map":1,"minecraft:oak_log":45,"minecraft:gunpowder":6,"biomesoplenty:jacaranda_planks":22,"minecraft:cobblestone_wall":1,"minecraft:apple":1,"alexsmobs:cockroach_wing_fragment":2,"minecraft:iron_ingot":22,"minecraft:stone_pickaxe":6,"alexscaves:curly_fern":1,"minecraft:glass_bottle":11,"minecraft:iron_sword":3,"endrem:witch_pupil":3,"minecraft:dandelion":2,"minecraft:white_bed":2,"minecraft:spider_eye":11,"fishofthieves:fish_bone":1,"alexsmobs:raw_catfish":43,"biomesoplenty:mahogany_log":3,"minecraft:slime_ball":34,"minecraft:light_gray_candle":8,"minecraft:stone_axe":2,"minecraft:light_blue_carpet":1,"minecraft:iron_helmet":3,"minecraft:scute":21,"minecraft:black_wool":6,"minecraft:coal":230},"minecraft:crafted":{"minecraft:oak_planks":172,"minecraft:cooked_mutton":10,"minecraft:iron_boots":1,"minecraft:chest":8,"alexsmobs:cooked_catfish":37,"minecraft:stone_hoe":1,"minecraft:turtle_helmet":1,"minecraft:cooked_porkchop":6,"minecraft:crafting_table":7,"minecraft:spruce_planks":16,"farmersdelight:iron_knife":1,"minecraft:wooden_pickaxe":1,"minecraft:iron_helmet":1,"minecraft:lime_bed":1,"minecraft:iron_chestplate":1,"minecraft:shield":2,"minecraft:stick":56,"minecraft:iron_ingot":33,"minecraft:iron_pickaxe":3,"minecraft:stone_sword":1,"minecraft:gold_ingot":9,"minecraft:wooden_sword":1,"minecraft:oak_door":3,"minecraft:stone_shovel":1,"minecraft:iron_nugget":1,"minecraft:furnace":2,"minecraft:stone_pickaxe":3,"minecraft:wheat":63,"minecraft:iron_sword":1,"minecraft:bucket":1,"biomesoplenty:willow_planks":28,"minecraft:stone_axe":1,"minecraft:bread":21,"minecraft:air":0,"minecraft:jungle_planks":8,"minecraft:wooden_axe":1,"minecraft:iron_leggings":1,"minecraft:white_bed":1,"minecraft:torch":48},"minecraft:custom":{"minecraft:interact_with_crafting_table":68,"minecraft:open_barrel":137,"minecraft:leave_game":10,"minecraft:time_since_death":1542,"minecraft:sprint_one_cm":685629,"minecraft:damage_blocked_by_shield":495,"minecraft:drop":119,"minecraft:talked_to_villager":1,"minecraft:play_time":266096,"minecraft:deaths":11,"minecraft:jump":4257,"minecraft:interact_with_brewingstand":7,"minecraft:walk_on_water_one_cm":99201,"minecraft:interact_with_furnace":105,"minecraft:sleep_in_bed":10,"minecraft:damage_dealt":22671,"minecraft:crouch_one_cm":36765,"minecraft:interact_with_smoker":24,"minecraft:use_cauldron":35,"minecraft:interact_with_smithing_table":1,"minecraft:mob_kills":133,"minecraft:fill_cauldron":5,"minecraft:climb_one_cm":4679,"minecraft:walk_one_cm":603300,"minecraft:sneak_time":10945,"minecraft:walk_under_water_one_cm":14540,"minecraft:total_world_time":266096,"minecraft:time_since_rest":1596,"minecraft:damage_taken":5651,"minecraft:swim_one_cm":40804,"minecraft:fly_one_cm":723309,"minecraft:open_chest":128,"minecraft:fall_one_cm":87740},"minecraft:mined":{"minecraft:spruce_planks":10,"minecraft:white_bed":1,"minecraft:jungle_leaves":4,"minecraft:brewing_stand":2,"minecraft:light_blue_carpet":1,"minecraft:grass_block":53,"minecraft:jungle_log":5,"minecraft:tall_seagrass":4,"minecraft:iron_ore":103,"minecraft:cobbled_deepslate":8,"minecraft:moss_carpet":1,"minecraft:deepslate_lapis_ore":9,"minecraft:water_cauldron":3,"minecraft:oak_stairs":1,"biomesoplenty:webbing":5,"biomesoplenty:jacaranda_leaves":1,"minecraft:smoker":5,"minecraft:torch":13,"minecraft:chest":3,"minecraft:cobblestone":166,"minecraft:slime_block":3,"minecraft:sugar_cane":19,"minecraft:oak_planks":4,"minecraft:wall_torch":9,"minecraft:seagrass":7,"minecraft:smooth_stone_slab":1,"minecraft:grass":336,"minecraft:oak_log":48,"minecraft:dirt":44,"minecraft:oak_leaves":11,"minecraft:deepslate":18,"biomesoplenty:reed":30,"biomesoplenty:watergrass":265,"minecraft:mossy_cobblestone":1,"minecraft:deepslate_diamond_ore":3,"minecraft:oak_door":2,"biomesoplenty:bush":4,"minecraft:jungle_planks":9,"minecraft:hay_block":4,"minecraft:furnace":4,"minecraft:stripped_spruce_log":5,"minecraft:gold_block":1,"minecraft:deepslate_iron_ore":15,"minecraft:vine":7,"biomesoplenty:spider_egg":1,"minecraft:stone":267,"minecraft:oak_fence":4,"minecraft:crafting_table":15,"minecraft:campfire":1,"minecraft:tall_grass":112,"minecraft:lapis_ore":2,"biomesoplenty:sprout":5,"minecraft:deepslate_gold_ore":9,"biomesoplenty:willow_log":30,"minecraft:cobblestone_wall":1,"biomesoplenty:mahogany_log":3,"minecraft:coal_ore":62,"minecraft:cobweb":50,"minecraft:cracked_stone_bricks":1,"minecraft:mossy_stone_bricks":1,"minecraft:fern":21},"minecraft:used":{"minecraft:spruce_slab":1,"minecraft:chest":11,"minecraft:shield":10,"minecraft:stone":1,"minecraft:iron_sword":661,"minecraft:rotten_flesh":12,"minecraft:iron_chestplate":1,"minecraft:jungle_planks":5,"minecraft:carrot":1,"minecraft:milk_bucket":2,"minecraft:furnace":8,"minecraft:potato":5,"minecraft:light_blue_carpet":1,"alexsmobs:raw_catfish":6,"minecraft:mossy_stone_bricks":1,"minecraft:oak_planks":17,"minecraft:stone_pickaxe":239,"minecraft:wooden_pickaxe":39,"minecraft:golden_apple":1,"minecraft:bread":18,"minecraft:light_gray_candle":4,"farmersdelight:ham":3,"minecraft:wooden_sword":16,"minecraft:smooth_stone_slab":1,"minecraft:air":13,"minecraft:stone_sword":5,"minecraft:stone_shovel":80,"minecraft:spruce_planks":6,"minecraft:stone_hoe":1,"minecraft:oak_door":4,"minecraft:torch":67,"fishofthieves:earthworms":1,"minecraft:dirt":71,"minecraft:dark_oak_planks":1,"minecraft:wooden_axe":20,"minecraft:iron_axe":79,"minecraft:oak_stairs":1,"minecraft:slime_block":1,"minecraft:golden_carrot":2,"alexsmobs:banana":1,"minecraft:cobbled_deepslate":16,"minecraft:golden_axe":1,"minecraft:cooked_mutton":10,"farmersdelight:iron_knife":34,"alexsmobs:cooked_catfish":23,"minecraft:water_bucket":64,"minecraft:glass_bottle":165,"minecraft:cyan_candle":6,"minecraft:leather_boots":1,"minecraft:cracked_stone_bricks":1,"minecraft:mossy_cobblestone":1,"minecraft:crafting_table":18,"minecraft:lime_bed":1,"minecraft:white_bed":3,"minecraft:smoker":3,"minecraft:oak_log":1,"minecraft:iron_pickaxe":429,"alexsmobs:crocodile_egg":1,"minecraft:stone_axe":55,"minecraft:cobblestone":336,"minecraft:potion":152,"minecraft:turtle_helmet":1,"minecraft:cooked_porkchop":6,"minecraft:bucket":66,"minecraft:pumpkin_pie":4,"alexsmobs:animal_dictionary":1,"minecraft:smooth_stone":17},"minecraft:broken":{"minecraft:golden_helmet":1,"minecraft:stone_pickaxe":1,"minecraft:iron_pickaxe":1,"aether:leather_gloves":1},"minecraft:dropped":{"minecraft:lapis_lazuli":4,"biomesoplenty:willow_sapling":6,"minecraft:glass_bottle":1,"minecraft:scute":16,"minecraft:emerald":8,"minecraft:dirt":1,"alexsmobs:cooked_catfish":14,"minecraft:wooden_sword":1,"minecraft:glistering_melon_slice":3,"minecraft:sugar":1,"minecraft:bone":5,"minecraft:stone_axe":1,"minecraft:iron_nugget":1,"minecraft:cobbled_deepslate":9,"minecraft:wheat":10,"minecraft:rotten_flesh":28,"minecraft:oak_planks":40,"minecraft:gunpowder":4,"minecraft:arrow":6,"minecraft:water_bucket":1,"minecraft:iron_ingot":7,"minecraft:bread":17,"minecraft:wheat_seeds":8,"endrem:witch_pupil":3,"minecraft:cobblestone":10,"minecraft:iron_helmet":1,"minecraft:oak_fence":2,"minecraft:golden_axe":1,"biomesoplenty:jacaranda_planks":10,"minecraft:coal":12,"minecraft:stick":17,"minecraft:torch":17,"minecraft:wooden_axe":1,"minecraft:potion":5,"fishofthieves:wildsplash":6,"minecraft:string":3,"minecraft:stone_sword":1,"minecraft:cobblestone_wall":1,"minecraft:raw_copper":1,"minecraft:raw_iron":27,"farmersdelight:cabbage_seeds":2,"minecraft:iron_boots":2,"fishofthieves:fish_bone":1,"farmersdelight:straw":2,"minecraft:cobblestone_slab":2,"minecraft:potato":7,"fishofthieves:earthworms":1,"alexsmobs:cockroach_wing_fragment":2,"minecraft:spruce_planks":8,"minecraft:spider_eye":2,"minecraft:bow":3,"minecraft:stone_pickaxe":1,"minecraft:wooden_pickaxe":5,"minecraft:raw_gold":3,"minecraft:black_wool":3},"minecraft:killed_by":{"alexsmobs:capuchin_monkey":1,"minecraft:drowned":1,"alexsmobs:crocodile":1,"minecraft:witch":2,"creeperoverhaul:hills_creeper":1,"minecraft:skeleton":5},"minecraft:killed":{"minecraft:cave_spider":1,"minecraft:witch":15,"alexsmobs:anaconda":1,"minecraft:spider":11,"fishofthieves:wildsplash":2,"minecraft:skeleton":16,"creeperoverhaul:cave_creeper":1,"minecraft:pig":7,"minecraft:creeper":1,"minecraft:sheep":5,"minecraft:zombie":36,"minecraft:slime":13,"minecraft:drowned":2,"alexsmobs:catfish":17,"alexsmobs:crocodile":1,"alexsmobs:cockroach":2,"alexsmobs:gazelle":1}},"DataVersion":3465}