{"stats":{"minecraft:broken":{"minecraft:golden_helmet":1,"minecraft:stone_pickaxe":1,"aether:leather_gloves":1},"minecraft:dropped":{"minecraft:iron_ingot":7,"minecraft:bread":17,"minecraft:wheat_seeds":4,"minecraft:lapis_lazuli":4,"minecraft:glass_bottle":1,"endrem:witch_pupil":3,"minecraft:golden_axe":1,"minecraft:scute":16,"minecraft:coal":12,"minecraft:stick":17,"minecraft:emerald":8,"minecraft:dirt":1,"minecraft:torch":17,"minecraft:wooden_axe":1,"minecraft:potion":4,"minecraft:wooden_sword":1,"minecraft:sugar":1,"minecraft:glistering_melon_slice":3,"fishofthieves:wildsplash":6,"minecraft:iron_nugget":1,"minecraft:cobblestone_wall":1,"minecraft:stone_sword":1,"farmersdelight:cabbage_seeds":2,"minecraft:rotten_flesh":19,"minecraft:iron_boots":1,"fishofthieves:fish_bone":1,"farmersdelight:straw":2,"minecraft:potato":7,"minecraft:gunpowder":2,"fishofthieves:earthworms":1,"minecraft:spruce_planks":8,"minecraft:stone_pickaxe":1,"minecraft:wooden_pickaxe":1},"minecraft:picked_up":{"minecraft:crafting_table":10,"minecraft:charcoal":20,"minecraft:iron_chestplate":1,"minecraft:turtle_helmet":1,"minecraft:sentry_armor_trim_smithing_template":2,"minecraft:wooden_pickaxe":1,"minecraft:oak_stairs":1,"minecraft:potion":5,"minecraft:brewing_stand":10,"alexsmobs:gazelle_horn":1,"minecraft:string":117,"minecraft:raw_copper":122,"minecraft:iron_axe":1,"minecraft:smooth_stone_slab":1,"minecraft:cracked_stone_bricks":1,"alexsmobs:banana":1,"minecraft:bucket":1,"minecraft:spruce_planks":6,"farmersdelight:straw":2,"minecraft:iron_pickaxe":1,"minecraft:spruce_slab":1,"minecraft:sugar_cane":80,"minecraft:chest":3,"minecraft:furnace":4,"farmersdelight:cabbage_seeds":4,"minecraft:iron_boots":1,"minecraft:golden_helmet":1,"minecraft:stick":10,"minecraft:raw_iron":43,"minecraft:oak_door":2,"minecraft:oak_fence":2,"minecraft:torch":54,"minecraft:porkchop":11,"minecraft:golden_axe":2,"minecraft:carrot":2,"minecraft:redstone":23,"minecraft:cauldron":6,"minecraft:arrow":6,"minecraft:rotten_flesh":31,"minecraft:pumpkin_pie":2,"minecraft:hay_block":7,"minecraft:saddle":1,"minecraft:glistering_melon_slice":4,"minecraft:mutton":9,"minecraft:white_wool":5,"minecraft:cobblestone":508,"minecraft:magma_cream":10,"minecraft:water_bucket":2,"minecraft:jungle_log":2,"minecraft:smoker":6,"minecraft:potato":19,"minecraft:filled_map":1,"minecraft:oak_log":24,"minecraft:cobblestone_wall":1,"biomesoplenty:jacaranda_planks":2,"minecraft:gunpowder":3,"fishofthieves:wildsplash":15,"minecraft:lapis_lazuli":10,"minecraft:dirt":80,"minecraft:name_tag":4,"minecraft:bone":17,"minecraft:wheat_seeds":61,"minecraft:raw_gold":7,"minecraft:iron_ingot":11,"minecraft:stone_pickaxe":2,"alexscaves:curly_fern":1,"fishofthieves:earthworms":20,"minecraft:mossy_stone_bricks":1,"minecraft:cyan_candle":3,"minecraft:glass_bottle":9,"minecraft:oak_planks":84,"minecraft:ghast_tear":6,"endrem:witch_pupil":3,"minecraft:dandelion":2,"minecraft:jungle_planks":12,"minecraft:stripped_spruce_log":4,"minecraft:white_bed":2,"farmersdelight:ham":3,"minecraft:spider_eye":4,"minecraft:mossy_cobblestone":1,"minecraft:iron_hoe":1,"fishofthieves:fish_bone":1,"biomesoplenty:mahogany_log":3,"alexsmobs:raw_catfish":26,"minecraft:sugar":1,"minecraft:slime_ball":34,"minecraft:light_gray_candle":8,"minecraft:stone_axe":1,"minecraft:light_blue_carpet":1,"minecraft:scute":21,"minecraft:bone_meal":1,"minecraft:golden_apple":2,"minecraft:bread":7,"minecraft:emerald":27,"alexsmobs:maggot":1,"minecraft:coal":94},"minecraft:crafted":{"minecraft:wooden_sword":1,"minecraft:oak_door":3,"minecraft:oak_planks":92,"minecraft:stone_shovel":1,"minecraft:iron_nugget":1,"minecraft:furnace":2,"minecraft:cooked_mutton":10,"minecraft:stone_pickaxe":2,"minecraft:chest":6,"alexsmobs:cooked_catfish":10,"minecraft:stone_hoe":1,"minecraft:wheat":63,"minecraft:turtle_helmet":1,"minecraft:cooked_porkchop":1,"minecraft:crafting_table":4,"farmersdelight:iron_knife":1,"minecraft:spruce_planks":16,"minecraft:wooden_pickaxe":1,"minecraft:iron_sword":1,"minecraft:bucket":1,"minecraft:stone_axe":1,"minecraft:bread":21,"minecraft:air":0,"minecraft:jungle_planks":8,"minecraft:lime_bed":1,"minecraft:iron_chestplate":1,"minecraft:shield":1,"minecraft:stick":44,"minecraft:iron_ingot":19,"minecraft:iron_pickaxe":1,"minecraft:wooden_axe":1,"minecraft:stone_sword":1,"minecraft:white_bed":1,"minecraft:torch":28},"minecraft:mined":{"biomesoplenty:watergrass":204,"minecraft:spruce_planks":8,"minecraft:white_bed":1,"minecraft:mossy_cobblestone":1,"minecraft:oak_door":2,"minecraft:jungle_leaves":2,"minecraft:light_blue_carpet":1,"minecraft:brewing_stand":2,"biomesoplenty:bush":4,"minecraft:grass_block":53,"minecraft:jungle_planks":5,"minecraft:jungle_log":2,"minecraft:hay_block":4,"minecraft:tall_seagrass":2,"minecraft:furnace":3,"minecraft:iron_ore":36,"minecraft:stripped_spruce_log":4,"minecraft:moss_carpet":1,"minecraft:deepslate_lapis_ore":1,"minecraft:vine":3,"minecraft:water_cauldron":3,"minecraft:oak_stairs":1,"biomesoplenty:webbing":5,"minecraft:stone":186,"biomesoplenty:jacaranda_leaves":1,"minecraft:smoker":3,"minecraft:oak_fence":4,"minecraft:crafting_table":10,"minecraft:torch":5,"minecraft:chest":3,"minecraft:campfire":1,"minecraft:tall_grass":74,"minecraft:cobblestone":150,"minecraft:slime_block":2,"biomesoplenty:sprout":5,"minecraft:lapis_ore":2,"minecraft:oak_planks":4,"minecraft:sugar_cane":19,"minecraft:wall_torch":6,"minecraft:seagrass":7,"minecraft:cobblestone_wall":1,"biomesoplenty:mahogany_log":3,"minecraft:smooth_stone_slab":1,"minecraft:grass":229,"minecraft:oak_log":27,"minecraft:coal_ore":33,"minecraft:dirt":43,"minecraft:cobweb":50,"minecraft:cracked_stone_bricks":1,"minecraft:mossy_stone_bricks":1,"minecraft:oak_leaves":6,"minecraft:fern":10,"biomesoplenty:reed":25},"minecraft:custom":{"minecraft:interact_with_smithing_table":1,"minecraft:mob_kills":85,"minecraft:interact_with_crafting_table":46,"minecraft:open_barrel":135,"minecraft:fill_cauldron":5,"minecraft:leave_game":5,"minecraft:time_since_death":30268,"minecraft:climb_one_cm":3732,"minecraft:sprint_one_cm":394475,"minecraft:walk_one_cm":411967,"minecraft:drop":69,"minecraft:talked_to_villager":1,"minecraft:play_time":168189,"minecraft:sneak_time":7016,"minecraft:deaths":7,"minecraft:walk_under_water_one_cm":8618,"minecraft:interact_with_brewingstand":7,"minecraft:jump":2388,"minecraft:walk_on_water_one_cm":66729,"minecraft:total_world_time":168189,"minecraft:interact_with_furnace":72,"minecraft:sleep_in_bed":9,"minecraft:time_since_rest":10276,"minecraft:damage_taken":3255,"minecraft:damage_dealt":13632,"minecraft:swim_one_cm":38410,"minecraft:fly_one_cm":400694,"minecraft:open_chest":72,"minecraft:crouch_one_cm":22881,"minecraft:interact_with_smoker":11,"minecraft:fall_one_cm":43093,"minecraft:use_cauldron":35},"minecraft:killed_by":{"creeperoverhaul:hills_creeper":1,"minecraft:drowned":1,"minecraft:skeleton":3,"minecraft:witch":2},"minecraft:used":{"minecraft:stone_sword":5,"minecraft:spruce_slab":1,"minecraft:stone_shovel":80,"minecraft:chest":9,"minecraft:spruce_planks":6,"minecraft:iron_sword":419,"minecraft:stone_hoe":1,"minecraft:iron_chestplate":1,"minecraft:oak_door":4,"minecraft:torch":21,"fishofthieves:earthworms":1,"minecraft:dirt":58,"minecraft:jungle_planks":1,"minecraft:carrot":1,"minecraft:milk_bucket":2,"minecraft:dark_oak_planks":1,"minecraft:wooden_axe":20,"minecraft:iron_axe":2,"minecraft:oak_stairs":1,"minecraft:golden_carrot":2,"minecraft:furnace":7,"alexsmobs:banana":1,"minecraft:potato":5,"minecraft:golden_axe":1,"minecraft:light_blue_carpet":1,"minecraft:cooked_mutton":10,"alexsmobs:raw_catfish":4,"alexsmobs:cooked_catfish":1,"farmersdelight:iron_knife":34,"minecraft:water_bucket":10,"minecraft:mossy_stone_bricks":1,"minecraft:oak_planks":17,"minecraft:stone_pickaxe":239,"minecraft:glass_bottle":84,"minecraft:cyan_candle":6,"minecraft:wooden_pickaxe":39,"minecraft:leather_boots":1,"minecraft:cracked_stone_bricks":1,"minecraft:golden_apple":1,"minecraft:mossy_cobblestone":1,"minecraft:lime_bed":1,"minecraft:crafting_table":13,"minecraft:white_bed":3,"minecraft:smoker":1,"minecraft:oak_log":1,"minecraft:bread":11,"minecraft:iron_pickaxe":165,"minecraft:light_gray_candle":4,"farmersdelight:ham":1,"minecraft:stone_axe":48,"minecraft:wooden_sword":16,"minecraft:cobblestone":259,"minecraft:potion":73,"minecraft:cooked_porkchop":1,"minecraft:bucket":12,"minecraft:pumpkin_pie":4,"minecraft:smooth_stone_slab":1,"alexsmobs:animal_dictionary":1,"minecraft:air":13},"minecraft:killed":{"minecraft:witch":15,"alexsmobs:anaconda":1,"minecraft:spider":5,"minecraft:slime":13,"minecraft:skeleton":6,"fishofthieves:wildsplash":2,"minecraft:drowned":2,"minecraft:pig":7,"minecraft:sheep":5,"alexsmobs:catfish":11,"minecraft:zombie":17,"alexsmobs:gazelle":1}},"DataVersion":3465}