{"stats":{"minecraft:custom":{"minecraft:interact_with_crafting_table":78,"minecraft:open_barrel":97,"minecraft:bell_ring":7,"minecraft:leave_game":5,"minecraft:time_since_death":245507,"minecraft:sprint_one_cm":1081733,"minecraft:damage_blocked_by_shield":3975,"minecraft:drop":115,"minecraft:play_noteblock":1,"minecraft:talked_to_villager":9,"minecraft:play_time":341801,"minecraft:deaths":2,"minecraft:jump":7297,"minecraft:interact_with_brewingstand":2,"minecraft:walk_on_water_one_cm":61057,"minecraft:enchant_item":4,"minecraft:interact_with_furnace":38,"minecraft:interact_with_loom":1,"minecraft:sleep_in_bed":8,"minecraft:damage_dealt":54760,"minecraft:crouch_one_cm":19971,"minecraft:interact_with_smoker":52,"minecraft:interact_with_smithing_table":18,"minecraft:mob_kills":271,"minecraft:interact_with_anvil":8,"minecraft:interact_with_campfire":5,"minecraft:climb_one_cm":5646,"minecraft:walk_one_cm":708512,"minecraft:sneak_time":8244,"minecraft:walk_under_water_one_cm":30301,"minecraft:boat_one_cm":153993,"minecraft:interact_with_blast_furnace":36,"minecraft:total_world_time":341801,"minecraft:interact_with_grindstone":2,"minecraft:time_since_rest":17571,"minecraft:damage_taken":6807,"minecraft:swim_one_cm":57413,"minecraft:fly_one_cm":1553475,"minecraft:open_chest":242,"minecraft:fall_one_cm":180292},"minecraft:broken":{"minecraft:stone_axe":2,"aether:iron_gloves":1},"minecraft:killed_by":{"alexsmobs:bison":1,"minecraft:skeleton":1},"minecraft:picked_up":{"minecraft:wooden_axe":2,"minecraft:iron_chestplate":2,"minecraft:flower_pot":1,"minecraft:anvil":2,"minecraft:smithing_table":6,"biomesoplenty:orange_autumn_sapling":1,"minecraft:enchanted_book":6,"travelersbackpack:spider":1,"minecraft:brewing_stand":1,"minecraft:amethyst_block":6,"minecraft:string":62,"minecraft:raw_copper":25,"minecraft:cooked_salmon":2,"biomesoplenty:yellow_autumn_sapling":1,"minecraft:iron_leggings":1,"biomesoplenty:tall_lavender":9,"minecraft:pufferfish":1,"alexsmobs:emu_feather":8,"minecraft:cobbled_deepslate":41,"minecraft:bucket":1,"minecraft:spruce_planks":6,"minecraft:calcite":4,"minecraft:iron_pickaxe":5,"minecraft:iron_boots":2,"minecraft:furnace":9,"minecraft:stick":69,"minecraft:torch":26,"minecraft:acacia_log":1,"minecraft:spruce_stairs":1,"minecraft:porkchop":14,"minecraft:rotten_flesh":124,"travelersbackpack:chicken":2,"minecraft:music_disc_wait":1,"minecraft:obsidian":4,"minecraft:cod":2,"minecraft:cobblestone":125,"biomesoplenty:lavender":57,"minecraft:birch_log":5,"minecraft:enchanting_table":3,"minecraft:feather":7,"minecraft:cooked_beef":18,"minecraft:water_bucket":1,"minecraft:smoker":13,"alexsmobs:bear_fur":3,"alexsmobs:bison_fur":2,"minecraft:tuff":3,"minecraft:dirt":22,"minecraft:lapis_lazuli":148,"minecraft:lantern":1,"minecraft:bone":42,"minecraft:exposed_cut_copper_stairs":2,"farmersdelight:iron_knife":1,"minecraft:wheat_seeds":13,"minecraft:raw_gold":63,"minecraft:grindstone":2,"fishofthieves:earthworms":14,"minecraft:glowstone_dust":6,"simplyswords:diamond_sai":1,"minecraft:oak_planks":77,"minecraft:cooked_porkchop":34,"minecraft:sand":64,"minecraft:dark_oak_log":5,"alexsmobs:animal_dictionary":1,"minecraft:mossy_cobblestone":1,"simplyswords:iron_twinblade":2,"alexsmobs:kangaroo_hide":16,"minecraft:sugar":1,"minecraft:diamond":40,"minecraft:golden_apple":1,"minecraft:bread":33,"minecraft:emerald":8,"alexsmobs:maggot":3,"minecraft:oak_sapling":1,"minecraft:crafting_table":22,"minecraft:splash_potion":1,"minecraft:chicken":1,"minecraft:nether_wart":8,"minecraft:golden_pickaxe":1,"minecraft:shield":3,"minecraft:red_bed":2,"minecraft:iron_axe":2,"minecraft:iron_shovel":3,"minecraft:blue_orchid":1,"minecraft:beef":15,"minecraft:oak_boat":3,"minecraft:poppy":4,"minecraft:light_gray_wool":2,"minecraft:sugar_cane":6,"minecraft:raw_copper_block":3,"minecraft:raw_iron":179,"minecraft:raw_gold_block":2,"minecraft:oak_door":5,"minecraft:spruce_fence":1,"minecraft:redstone":8,"minecraft:dark_oak_planks":8,"minecraft:arrow":48,"biomesoplenty:jacaranda_log":2,"minecraft:hay_block":9,"minecraft:mutton":6,"alexsmobs:kangaroo_meat":25,"minecraft:white_wool":2,"simplyswords:diamond_rapier":1,"minecraft:leather":11,"minecraft:filled_map":1,"minecraft:birch_planks":8,"minecraft:oak_log":111,"minecraft:golden_boots":1,"minecraft:gunpowder":16,"minecraft:cooked_mutton":8,"minecraft:apple":4,"minecraft:iron_ingot":53,"minecraft:stone_pickaxe":1,"minecraft:glass_bottle":1,"minecraft:mangrove_planks":8,"minecraft:iron_sword":3,"minecraft:soul_sand":2,"minecraft:book":45,"minecraft:scaffolding":1,"minecraft:smooth_basalt":2,"minecraft:blast_furnace":7,"minecraft:spider_eye":15,"travelersbackpack:light_gray_sleeping_bag":3,"minecraft:slime_ball":9,"minecraft:stone_axe":1,"minecraft:iron_helmet":2,"minecraft:black_wool":2,"minecraft:coal":186,"minecraft:ender_pearl":1},"minecraft:used":{"minecraft:writable_book":1,"minecraft:iron_shovel":65,"minecraft:poppy":2,"minecraft:chest":1,"minecraft:shield":64,"minecraft:iron_sword":22,"minecraft:soul_sand":2,"simplyswords:diamond_rapier":538,"simplyswords:diamond_sai":3,"minecraft:tuff":3,"minecraft:lava_bucket":4,"minecraft:blue_orchid":1,"minecraft:scaffolding":1,"minecraft:furnace":4,"travelersbackpack:spider":5,"minecraft:stone_pickaxe":87,"minecraft:oak_planks":35,"biomesoplenty:lavender":30,"minecraft:sugar_cane":6,"minecraft:white_wool":1,"simplyswords:iron_chakram":19,"minecraft:blast_furnace":4,"minecraft:bread":81,"minecraft:string":1,"biomesoplenty:yellow_autumn_sapling":1,"minecraft:diamond_ore":1,"minecraft:grindstone":1,"minecraft:smithing_table":5,"minecraft:oak_boat":3,"minecraft:experience_bottle":12,"minecraft:enchanting_table":3,"minecraft:cooked_salmon":1,"minecraft:oak_door":4,"minecraft:exposed_cut_copper_stairs":2,"minecraft:torch":92,"fishofthieves:earthworms":5,"minecraft:dirt":9,"minecraft:anvil":1,"alexsmobs:cooked_kangaroo_meat":1,"farmersdelight:beef_patty":9,"minecraft:dark_oak_planks":5,"minecraft:wooden_axe":56,"minecraft:iron_axe":235,"biomesoplenty:tall_lavender":3,"biomesoplenty:jacaranda_log":1,"minecraft:golden_carrot":2,"farmersdelight:cooked_mutton_chops":2,"minecraft:cooked_beef":20,"minecraft:cobbled_deepslate":32,"farmersdelight:iron_knife":5,"minecraft:water_bucket":33,"minecraft:birch_planks":2,"minecraft:mossy_cobblestone":1,"minecraft:crafting_table":24,"minecraft:red_bed":1,"simplyswords:iron_twinblade":58,"minecraft:white_bed":1,"minecraft:cod":2,"biomesoplenty:orange_autumn_sapling":1,"minecraft:book":1,"minecraft:smoker":6,"minecraft:oak_log":18,"minecraft:diamond_pickaxe":8,"minecraft:oak_button":1,"minecraft:iron_pickaxe":340,"travelersbackpack:light_gray_sleeping_bag":1,"minecraft:stone_axe":142,"farmersdelight:cooked_bacon":5,"minecraft:cobblestone":93,"travelersbackpack:standard":18,"minecraft:cooked_porkchop":20,"minecraft:bucket":38,"minecraft:dandelion":1},"minecraft:mined":{"minecraft:spruce_planks":6,"minecraft:brewing_stand":1,"minecraft:obsidian":5,"minecraft:grass_block":2,"bushierflowers:grown_dandelion":1,"minecraft:nether_wart":2,"minecraft:spawner":10,"biomesoplenty:tall_lavender":10,"minecraft:brown_stained_glass":1,"minecraft:cobbled_deepslate":1,"minecraft:iron_ore":68,"minecraft:fire":8,"biomesoplenty:lavender":52,"minecraft:anvil":2,"minecraft:deepslate_lapis_ore":2,"minecraft:green_stained_glass":1,"minecraft:enchanting_table":3,"minecraft:dirt_path":2,"minecraft:blue_orchid":1,"minecraft:potted_brown_mushroom":1,"minecraft:red_bed":2,"minecraft:smoker":9,"minecraft:torch":5,"minecraft:blast_furnace":6,"minecraft:calcite":4,"minecraft:cobblestone":19,"minecraft:grindstone":2,"minecraft:oak_planks":24,"minecraft:sugar_cane":2,"travelersbackpack:light_gray_sleeping_bag":1,"minecraft:wall_torch":7,"minecraft:amethyst_block":6,"minecraft:birch_log":5,"biomesoplenty:maple_leaves":3,"minecraft:stone_brick_stairs":1,"minecraft:grass":100,"minecraft:oak_log":93,"minecraft:sand":64,"minecraft:dirt":6,"minecraft:smooth_basalt":2,"minecraft:oak_leaves":3,"minecraft:deepslate":22,"biomesoplenty:orange_autumn_leaves":1,"minecraft:diamond_ore":1,"minecraft:tuff":3,"minecraft:mossy_cobblestone":2,"minecraft:deepslate_diamond_ore":27,"minecraft:oak_door":3,"minecraft:dark_oak_log":5,"biomesoplenty:bush":13,"minecraft:spruce_fence":1,"minecraft:large_fern":7,"minecraft:hay_block":9,"biomesoplenty:jacaranda_log":2,"minecraft:furnace":7,"biomesoplenty:sea_oats":4,"minecraft:bookshelf":4,"minecraft:deepslate_iron_ore":49,"minecraft:vine":5,"minecraft:stone":104,"travelersbackpack:spider":1,"minecraft:smithing_table":6,"minecraft:acacia_leaves":1,"minecraft:scaffolding":1,"minecraft:soul_sand":2,"minecraft:crafting_table":19,"minecraft:tall_grass":16,"minecraft:deepslate_gold_ore":24,"minecraft:lapis_ore":3,"minecraft:spruce_stairs":1,"biomesoplenty:yellow_autumn_leaves":7,"minecraft:coal_ore":25,"minecraft:cobweb":6,"minecraft:cracked_stone_bricks":1,"minecraft:gold_ore":10,"minecraft:fern":2},"minecraft:crafted":{"minecraft:oak_planks":72,"travelersbackpack:crafting_upgrade":1,"minecraft:dark_oak_boat":1,"minecraft:cooked_mutton":6,"minecraft:glass":27,"minecraft:diamond_helmet":1,"minecraft:diamond_leggings":1,"minecraft:iron_boots":1,"minecraft:chest":3,"minecraft:oak_button":1,"travelersbackpack:iron_tier_upgrade":1,"biomesoplenty:jacaranda_planks":4,"minecraft:cooked_porkchop":14,"minecraft:crafting_table":4,"minecraft:wooden_pickaxe":1,"minecraft:iron_helmet":1,"travelersbackpack:standard":3,"minecraft:raw_gold_block":8,"minecraft:smithing_table":1,"minecraft:birch_planks":20,"farmersdelight:beef_patty":9,"minecraft:iron_chestplate":1,"minecraft:diamond_pickaxe":1,"minecraft:shield":2,"minecraft:stick":60,"minecraft:iron_ingot":67,"minecraft:iron_pickaxe":2,"farmersdelight:cooked_bacon":8,"minecraft:gold_ingot":10,"minecraft:oak_door":3,"minecraft:stone_shovel":1,"simplyswords:iron_twinblade":1,"minecraft:iron_nugget":9,"travelersbackpack:blank_upgrade":4,"travelersbackpack:gold_tier_upgrade":1,"travelersbackpack:white_sleeping_bag":1,"minecraft:leather":8,"minecraft:iron_axe":1,"travelersbackpack:light_gray_sleeping_bag":1,"minecraft:diamond_boots":1,"minecraft:dark_oak_planks":28,"travelersbackpack:diamond_tier_upgrade":1,"travelersbackpack:spider":3,"minecraft:cooked_beef":21,"farmersdelight:cooked_mutton_chops":6,"simplyswords:iron_chakram":1,"minecraft:enchanting_table":1,"travelersbackpack:backpack_tank":4,"alexsmobs:cooked_kangaroo_meat":25,"minecraft:mangrove_planks":8,"minecraft:bucket":1,"simplyswords:diamond_rapier":1,"minecraft:stone_axe":2,"minecraft:air":0,"aether:iron_gloves":1,"minecraft:oak_boat":1,"minecraft:white_wool":6,"minecraft:raw_gold":90,"minecraft:wooden_axe":1,"minecraft:iron_leggings":1,"minecraft:white_bed":1,"minecraft:acacia_planks":4,"minecraft:torch":108,"minecraft:diamond_chestplate":1},"minecraft:dropped":{"farmersdelight:iron_knife":1,"minecraft:lapis_lazuli":20,"minecraft:cooked_beef":19,"minecraft:oak_log":8,"minecraft:golden_pickaxe":1,"minecraft:leather":2,"alexsmobs:bison_fur":2,"minecraft:dirt":5,"minecraft:red_bed":1,"simplyswords:diamond_rapier":1,"minecraft:gold_nugget":5,"alexsmobs:emu_feather":8,"minecraft:iron_pickaxe":1,"minecraft:bone":5,"minecraft:oak_door":4,"minecraft:cobbled_deepslate":9,"simplyswords:iron_twinblade":2,"minecraft:rotten_flesh":11,"minecraft:oak_planks":6,"minecraft:fern":1,"minecraft:glowstone_dust":2,"minecraft:cooked_mutton":10,"minecraft:carrot":2,"minecraft:poppy":2,"minecraft:gunpowder":2,"minecraft:arrow":26,"minecraft:beef":5,"biomesoplenty:tall_lavender":5,"minecraft:iron_ingot":38,"minecraft:bread":3,"minecraft:wheat_seeds":8,"minecraft:smithing_table":1,"travelersbackpack:chicken":1,"biomesoplenty:lavender":26,"minecraft:feather":7,"minecraft:cobblestone":4,"minecraft:book":25,"minecraft:amethyst_block":6,"minecraft:golden_apple":2,"minecraft:coal":32,"minecraft:stick":16,"minecraft:torch":10,"minecraft:wooden_axe":2,"minecraft:iron_leggings":1,"minecraft:music_disc_wait":1,"minecraft:string":11,"minecraft:smooth_basalt":2,"minecraft:furnace":1,"alexsmobs:maggot":3,"minecraft:raw_iron":28,"simplyswords:diamond_sai":1,"minecraft:chicken":1,"travelersbackpack:light_gray_sleeping_bag":1,"alexsmobs:bear_fur":3,"minecraft:filled_map":1,"farmersdelight:flint_knife":1,"minecraft:shield":1,"minecraft:flower_pot":1,"fishofthieves:earthworms":8,"minecraft:spruce_planks":5,"minecraft:oak_sapling":1,"minecraft:spider_eye":2,"minecraft:raw_gold":1,"minecraft:calcite":4},"minecraft:killed":{"minecraft:cave_spider":1,"minecraft:witch":14,"minecraft:spider":29,"minecraft:cod":2,"minecraft:skeleton":33,"minecraft:chicken":1,"alexsmobs:kangaroo":15,"minecraft:pig":7,"alexsmobs:grizzly_bear":2,"minecraft:zombie_villager":1,"alexsmobs:seal":6,"minecraft:iron_golem":6,"minecraft:creeper":6,"minecraft:sheep":4,"minecraft:pillager":3,"minecraft:zombie":111,"creeperoverhaul:swamp_creeper":1,"alexsmobs:fly":1,"minecraft:cow":4,"alexsmobs:seagull":3,"minecraft:slime":10,"alexsmobs:bison":1,"alexsmobs:emu":1,"alexsmobs:cockroach":1,"alexsmobs:gazelle":1,"creeperoverhaul:savannah_creeper":1,"minecraft:enderman":2}},"DataVersion":3465}