{"stats":{"minecraft:broken":{"minecraft:golden_helmet":1,"minecraft:stone_pickaxe":1,"aether:leather_gloves":1},"minecraft:dropped":{"minecraft:water_bucket":1,"minecraft:iron_ingot":7,"minecraft:bread":17,"minecraft:wheat_seeds":8,"minecraft:lapis_lazuli":4,"biomesoplenty:willow_sapling":6,"minecraft:glass_bottle":1,"endrem:witch_pupil":3,"minecraft:cobblestone":9,"minecraft:golden_axe":1,"minecraft:oak_fence":2,"minecraft:scute":16,"minecraft:coal":12,"minecraft:emerald":8,"minecraft:stick":17,"minecraft:dirt":1,"minecraft:torch":17,"minecraft:wooden_axe":1,"minecraft:potion":5,"alexsmobs:cooked_catfish":14,"minecraft:wooden_sword":1,"minecraft:sugar":1,"minecraft:glistering_melon_slice":3,"fishofthieves:wildsplash":6,"minecraft:string":3,"minecraft:bone":3,"minecraft:stone_axe":1,"minecraft:iron_nugget":1,"minecraft:stone_sword":1,"minecraft:cobblestone_wall":1,"minecraft:raw_copper":1,"minecraft:wheat":10,"farmersdelight:cabbage_seeds":2,"minecraft:rotten_flesh":28,"minecraft:oak_planks":40,"minecraft:iron_boots":1,"fishofthieves:fish_bone":1,"farmersdelight:straw":2,"minecraft:cobblestone_slab":2,"minecraft:potato":7,"alexsmobs:cockroach_wing_fragment":1,"minecraft:gunpowder":3,"fishofthieves:earthworms":1,"minecraft:spruce_planks":8,"minecraft:spider_eye":2,"minecraft:bow":2,"minecraft:arrow":5,"minecraft:stone_pickaxe":1,"minecraft:wooden_pickaxe":4,"minecraft:black_wool":3},"minecraft:picked_up":{"minecraft:iron_chestplate":4,"minecraft:charcoal":20,"minecraft:crafting_table":14,"minecraft:wheat":10,"minecraft:turtle_helmet":3,"minecraft:sentry_armor_trim_smithing_template":2,"minecraft:wooden_pickaxe":5,"minecraft:oak_stairs":1,"minecraft:gold_block":2,"minecraft:potion":7,"minecraft:brewing_stand":10,"minecraft:shield":2,"alexsmobs:cooked_catfish":23,"alexsmobs:gazelle_horn":1,"minecraft:string":122,"minecraft:raw_copper":125,"minecraft:iron_axe":4,"minecraft:smooth_stone_slab":1,"minecraft:cracked_stone_bricks":1,"alexsmobs:banana":1,"minecraft:bucket":1,"minecraft:spruce_planks":8,"farmersdelight:straw":2,"minecraft:cobblestone_slab":2,"minecraft:iron_pickaxe":3,"minecraft:spruce_slab":1,"minecraft:sugar_cane":80,"minecraft:chest":3,"farmersdelight:cabbage_seeds":4,"minecraft:iron_boots":1,"minecraft:furnace":5,"minecraft:golden_helmet":1,"minecraft:stick":38,"minecraft:raw_iron":83,"minecraft:stone":1,"minecraft:oak_door":2,"minecraft:oak_fence":2,"minecraft:torch":100,"minecraft:porkchop":16,"minecraft:golden_axe":2,"minecraft:carrot":2,"minecraft:redstone":23,"minecraft:cauldron":15,"minecraft:arrow":12,"minecraft:rotten_flesh":48,"minecraft:pumpkin_pie":2,"biomesoplenty:willow_sapling":12,"minecraft:hay_block":7,"minecraft:gold_ingot":18,"minecraft:saddle":1,"minecraft:glistering_melon_slice":4,"minecraft:mutton":9,"minecraft:white_wool":5,"minecraft:cobblestone":989,"minecraft:magma_cream":10,"minecraft:water_bucket":5,"minecraft:jungle_log":2,"minecraft:smoker":12,"minecraft:potato":19,"minecraft:filled_map":1,"minecraft:oak_log":44,"minecraft:cobblestone_wall":1,"biomesoplenty:jacaranda_planks":2,"minecraft:gunpowder":5,"minecraft:lapis_lazuli":10,"minecraft:dirt":152,"fishofthieves:wildsplash":15,"minecraft:name_tag":4,"minecraft:bone":24,"farmersdelight:iron_knife":2,"minecraft:bow":4,"minecraft:wheat_seeds":65,"alexsmobs:cockroach_wing_fragment":1,"minecraft:raw_gold":7,"minecraft:iron_ingot":19,"minecraft:stone_pickaxe":5,"fishofthieves:earthworms":20,"minecraft:mossy_stone_bricks":1,"alexscaves:curly_fern":1,"minecraft:cyan_candle":3,"minecraft:glass_bottle":9,"minecraft:iron_sword":2,"minecraft:oak_planks":84,"minecraft:ghast_tear":6,"endrem:witch_pupil":3,"minecraft:cooked_porkchop":9,"alexsmobs:crocodile_egg":1,"minecraft:dandelion":2,"minecraft:jungle_planks":20,"minecraft:stripped_spruce_log":5,"minecraft:white_bed":2,"farmersdelight:ham":5,"minecraft:spider_eye":9,"minecraft:mossy_cobblestone":1,"fishofthieves:fish_bone":1,"minecraft:iron_hoe":1,"alexsmobs:raw_catfish":43,"biomesoplenty:mahogany_log":3,"biomesoplenty:willow_log":79,"minecraft:sugar":1,"minecraft:slime_ball":34,"minecraft:light_gray_candle":8,"minecraft:stone_axe":2,"minecraft:lever":1,"minecraft:light_blue_carpet":1,"minecraft:scute":21,"minecraft:bone_meal":1,"minecraft:golden_apple":4,"minecraft:emerald":27,"minecraft:bread":7,"alexsmobs:maggot":1,"minecraft:black_wool":3,"minecraft:coal":190},"minecraft:crafted":{"minecraft:wooden_sword":1,"minecraft:oak_door":3,"minecraft:oak_planks":172,"minecraft:stone_shovel":1,"minecraft:iron_nugget":1,"minecraft:furnace":2,"minecraft:cooked_mutton":10,"minecraft:iron_boots":1,"minecraft:stone_pickaxe":3,"minecraft:chest":6,"alexsmobs:cooked_catfish":37,"minecraft:stone_hoe":1,"minecraft:wheat":63,"minecraft:turtle_helmet":1,"minecraft:cooked_porkchop":6,"minecraft:crafting_table":6,"farmersdelight:iron_knife":1,"minecraft:spruce_planks":16,"minecraft:iron_helmet":1,"minecraft:wooden_pickaxe":1,"minecraft:iron_sword":1,"biomesoplenty:willow_planks":8,"minecraft:bucket":1,"minecraft:stone_axe":1,"minecraft:bread":21,"minecraft:air":0,"minecraft:jungle_planks":8,"minecraft:lime_bed":1,"minecraft:iron_chestplate":1,"minecraft:shield":2,"minecraft:iron_leggings":1,"minecraft:stick":56,"minecraft:gold_ingot":9,"minecraft:iron_ingot":33,"minecraft:iron_pickaxe":2,"minecraft:wooden_axe":1,"minecraft:stone_sword":1,"minecraft:white_bed":1,"minecraft:torch":28},"minecraft:mined":{"biomesoplenty:watergrass":265,"minecraft:spruce_planks":10,"minecraft:white_bed":1,"minecraft:mossy_cobblestone":1,"minecraft:oak_door":2,"minecraft:jungle_leaves":2,"minecraft:light_blue_carpet":1,"minecraft:brewing_stand":2,"biomesoplenty:bush":4,"minecraft:grass_block":53,"minecraft:jungle_planks":9,"minecraft:jungle_log":2,"minecraft:hay_block":4,"minecraft:tall_seagrass":4,"minecraft:furnace":4,"minecraft:iron_ore":77,"minecraft:stripped_spruce_log":5,"minecraft:moss_carpet":1,"minecraft:deepslate_lapis_ore":1,"minecraft:gold_block":1,"minecraft:vine":7,"minecraft:water_cauldron":3,"minecraft:oak_stairs":1,"biomesoplenty:webbing":5,"biomesoplenty:spider_egg":1,"minecraft:stone":261,"biomesoplenty:jacaranda_leaves":1,"minecraft:smoker":5,"minecraft:oak_fence":4,"minecraft:torch":9,"minecraft:crafting_table":13,"minecraft:chest":3,"minecraft:campfire":1,"biomesoplenty:willow_log":30,"minecraft:tall_grass":112,"minecraft:cobblestone":159,"minecraft:slime_block":2,"biomesoplenty:sprout":5,"minecraft:oak_planks":4,"minecraft:lapis_ore":2,"minecraft:sugar_cane":19,"minecraft:wall_torch":8,"minecraft:seagrass":7,"minecraft:cobblestone_wall":1,"biomesoplenty:mahogany_log":3,"minecraft:smooth_stone_slab":1,"minecraft:grass":336,"minecraft:coal_ore":62,"minecraft:oak_log":47,"minecraft:dirt":43,"minecraft:cobweb":50,"minecraft:cracked_stone_bricks":1,"minecraft:mossy_stone_bricks":1,"minecraft:oak_leaves":6,"biomesoplenty:reed":30,"minecraft:fern":19},"minecraft:custom":{"minecraft:interact_with_smithing_table":1,"minecraft:mob_kills":119,"minecraft:interact_with_crafting_table":63,"minecraft:open_barrel":137,"minecraft:fill_cauldron":5,"minecraft:leave_game":6,"minecraft:time_since_death":19129,"minecraft:climb_one_cm":4514,"minecraft:sprint_one_cm":548180,"minecraft:walk_one_cm":525558,"minecraft:damage_blocked_by_shield":435,"minecraft:drop":104,"minecraft:talked_to_villager":1,"minecraft:play_time":221745,"minecraft:sneak_time":8587,"minecraft:deaths":10,"minecraft:walk_under_water_one_cm":9187,"minecraft:interact_with_brewingstand":7,"minecraft:jump":3308,"minecraft:walk_on_water_one_cm":92639,"minecraft:total_world_time":221745,"minecraft:interact_with_furnace":102,"minecraft:sleep_in_bed":10,"minecraft:time_since_rest":19154,"minecraft:damage_taken":4944,"minecraft:damage_dealt":20161,"minecraft:swim_one_cm":40804,"minecraft:fly_one_cm":573020,"minecraft:open_chest":114,"minecraft:crouch_one_cm":27723,"minecraft:interact_with_smoker":24,"minecraft:fall_one_cm":61921,"minecraft:use_cauldron":35},"minecraft:killed_by":{"creeperoverhaul:hills_creeper":1,"minecraft:drowned":1,"alexsmobs:crocodile":1,"minecraft:skeleton":5,"minecraft:witch":2},"minecraft:used":{"minecraft:stone_sword":5,"minecraft:spruce_slab":1,"minecraft:stone_shovel":80,"minecraft:chest":9,"minecraft:spruce_planks":6,"minecraft:shield":9,"minecraft:stone":1,"minecraft:iron_sword":611,"minecraft:stone_hoe":1,"minecraft:iron_chestplate":1,"minecraft:oak_door":4,"minecraft:torch":37,"fishofthieves:earthworms":1,"minecraft:dirt":61,"minecraft:jungle_planks":5,"minecraft:carrot":1,"minecraft:milk_bucket":2,"minecraft:dark_oak_planks":1,"minecraft:wooden_axe":20,"minecraft:iron_axe":69,"minecraft:oak_stairs":1,"minecraft:golden_carrot":2,"minecraft:furnace":8,"alexsmobs:banana":1,"minecraft:potato":5,"minecraft:golden_axe":1,"minecraft:light_blue_carpet":1,"minecraft:cooked_mutton":10,"alexsmobs:raw_catfish":6,"alexsmobs:cooked_catfish":23,"farmersdelight:iron_knife":34,"minecraft:water_bucket":41,"minecraft:mossy_stone_bricks":1,"minecraft:oak_planks":17,"minecraft:stone_pickaxe":239,"minecraft:glass_bottle":128,"minecraft:cyan_candle":6,"minecraft:wooden_pickaxe":39,"minecraft:leather_boots":1,"minecraft:cracked_stone_bricks":1,"minecraft:golden_apple":1,"minecraft:mossy_cobblestone":1,"minecraft:lime_bed":1,"minecraft:crafting_table":16,"minecraft:white_bed":3,"minecraft:smoker":3,"minecraft:oak_log":1,"minecraft:bread":11,"alexsmobs:crocodile_egg":1,"minecraft:iron_pickaxe":327,"minecraft:light_gray_candle":4,"farmersdelight:ham":3,"minecraft:stone_axe":55,"minecraft:wooden_sword":16,"minecraft:cobblestone":272,"minecraft:potion":115,"minecraft:turtle_helmet":1,"minecraft:cooked_porkchop":4,"minecraft:bucket":43,"minecraft:pumpkin_pie":4,"minecraft:smooth_stone_slab":1,"alexsmobs:animal_dictionary":1,"minecraft:air":13},"minecraft:killed":{"minecraft:cave_spider":1,"minecraft:witch":15,"alexsmobs:anaconda":1,"minecraft:spider":8,"minecraft:slime":13,"minecraft:skeleton":12,"fishofthieves:wildsplash":2,"creeperoverhaul:cave_creeper":1,"minecraft:drowned":2,"minecraft:pig":7,"minecraft:creeper":1,"minecraft:sheep":5,"alexsmobs:catfish":17,"alexsmobs:cockroach":1,"alexsmobs:crocodile":1,"minecraft:zombie":30,"alexsmobs:gazelle":1}},"DataVersion":3465}