{"stats":{"minecraft:killed_by":{"alexsmobs:bison":1},"minecraft:mined":{"minecraft:red_bed":1,"minecraft:soul_sand":2,"minecraft:smoker":6,"minecraft:torch":2,"minecraft:crafting_table":4,"minecraft:blast_furnace":2,"minecraft:cobblestone":4,"minecraft:tall_grass":3,"minecraft:sugar_cane":2,"minecraft:grindstone":1,"minecraft:nether_wart":2,"minecraft:wall_torch":6,"travelersbackpack:light_gray_sleeping_bag":1,"minecraft:large_fern":1,"biomesoplenty:jacaranda_log":2,"biomesoplenty:tall_lavender":2,"minecraft:furnace":3,"minecraft:birch_log":5,"biomesoplenty:yellow_autumn_leaves":3,"minecraft:iron_ore":3,"biomesoplenty:lavender":6,"minecraft:anvil":1,"minecraft:bookshelf":3,"biomesoplenty:sea_oats":2,"minecraft:grass":9,"minecraft:oak_log":18,"minecraft:coal_ore":23,"minecraft:stone":8},"minecraft:picked_up":{"minecraft:wooden_axe":2,"biomesoplenty:lavender":4,"minecraft:birch_log":5,"minecraft:crafting_table":5,"minecraft:nether_wart":8,"minecraft:anvil":1,"minecraft:smoker":7,"biomesoplenty:orange_autumn_sapling":1,"minecraft:birch_planks":8,"minecraft:oak_log":36,"minecraft:gunpowder":5,"minecraft:red_bed":1,"minecraft:dirt":18,"minecraft:lantern":1,"minecraft:cooked_salmon":2,"biomesoplenty:yellow_autumn_sapling":1,"minecraft:cooked_mutton":8,"biomesoplenty:tall_lavender":2,"minecraft:bone":6,"farmersdelight:iron_knife":1,"minecraft:wheat_seeds":3,"minecraft:iron_ingot":3,"minecraft:grindstone":1,"minecraft:stone_pickaxe":1,"fishofthieves:earthworms":5,"minecraft:sugar_cane":6,"minecraft:soul_sand":2,"minecraft:light_gray_wool":2,"minecraft:mangrove_planks":8,"minecraft:oak_planks":5,"minecraft:furnace":3,"minecraft:book":9,"minecraft:stick":20,"minecraft:raw_iron":3,"minecraft:cooked_porkchop":11,"minecraft:torch":8,"minecraft:porkchop":4,"minecraft:blast_furnace":2,"alexsmobs:animal_dictionary":1,"minecraft:dark_oak_planks":8,"travelersbackpack:light_gray_sleeping_bag":3,"minecraft:arrow":4,"minecraft:rotten_flesh":9,"biomesoplenty:jacaranda_log":2,"minecraft:black_wool":2,"minecraft:mutton":4,"minecraft:coal":55,"minecraft:white_wool":1,"minecraft:cobblestone":12},"minecraft:killed":{"minecraft:pig":2,"minecraft:iron_golem":1,"minecraft:sheep":4,"minecraft:zombie":2},"minecraft:dropped":{"farmersdelight:iron_knife":1,"travelersbackpack:light_gray_sleeping_bag":1,"minecraft:dirt":4,"farmersdelight:flint_knife":1,"minecraft:wooden_axe":2,"minecraft:gold_nugget":5},"minecraft:used":{"farmersdelight:iron_knife":5,"minecraft:stone_pickaxe":51,"biomesoplenty:lavender":3,"minecraft:sugar_cane":6,"minecraft:cooked_salmon":1,"minecraft:torch":9,"minecraft:soul_sand":2,"fishofthieves:earthworms":5,"minecraft:dirt":6,"minecraft:crafting_table":4,"biomesoplenty:orange_autumn_sapling":1,"minecraft:smoker":3,"minecraft:wooden_axe":56,"minecraft:bread":3,"biomesoplenty:tall_lavender":1,"biomesoplenty:yellow_autumn_sapling":1,"minecraft:stone_axe":17,"biomesoplenty:jacaranda_log":1,"travelersbackpack:light_gray_sleeping_bag":1,"minecraft:cobblestone":4,"minecraft:cooked_porkchop":1,"minecraft:cooked_beef":1},"minecraft:crafted":{"farmersdelight:cooked_mutton_chops":6,"biomesoplenty:jacaranda_planks":4,"minecraft:cooked_porkchop":14,"minecraft:crafting_table":1,"minecraft:wooden_pickaxe":1,"minecraft:mangrove_planks":8,"minecraft:birch_planks":20,"minecraft:stone_axe":1,"minecraft:cooked_mutton":6,"farmersdelight:beef_patty":9,"minecraft:air":0,"minecraft:stick":52,"minecraft:iron_pickaxe":1,"travelersbackpack:light_gray_sleeping_bag":1,"minecraft:wooden_axe":1,"farmersdelight:cooked_bacon":8,"minecraft:dark_oak_planks":8,"minecraft:torch":24,"minecraft:cooked_beef":1},"minecraft:custom":{"minecraft:interact_with_furnace":2,"minecraft:mob_kills":9,"minecraft:interact_with_crafting_table":4,"minecraft:open_barrel":2,"minecraft:interact_with_campfire":5,"minecraft:leave_game":1,"minecraft:time_since_death":26296,"minecraft:sleep_in_bed":2,"minecraft:climb_one_cm":1083,"minecraft:time_since_rest":12165,"minecraft:sprint_one_cm":117271,"minecraft:damage_taken":445,"minecraft:walk_one_cm":79241,"minecraft:drop":7,"minecraft:damage_dealt":2091,"minecraft:swim_one_cm":489,"minecraft:talked_to_villager":1,"minecraft:fly_one_cm":243506,"minecraft:open_chest":52,"minecraft:crouch_one_cm":1414,"minecraft:play_time":34705,"minecraft:deaths":1,"minecraft:sneak_time":1036,"minecraft:walk_under_water_one_cm":578,"minecraft:jump":870,"minecraft:walk_on_water_one_cm":908,"minecraft:interact_with_smoker":26,"minecraft:total_world_time":34705,"minecraft:fall_one_cm":19420}},"DataVersion":3465}