{"stats":{"minecraft:killed_by":{"alexsmobs:bison":1},"minecraft:mined":{"biomesoplenty:jacaranda_log":1,"biomesoplenty:tall_lavender":2,"biomesoplenty:yellow_autumn_leaves":3,"minecraft:birch_log":5,"minecraft:smoker":1,"biomesoplenty:lavender":6,"minecraft:crafting_table":2,"minecraft:grass":8,"biomesoplenty:sea_oats":2,"minecraft:oak_log":18,"minecraft:tall_grass":3,"travelersbackpack:light_gray_sleeping_bag":1},"minecraft:picked_up":{"minecraft:birch_log":5,"biomesoplenty:lavender":4,"minecraft:stick":20,"minecraft:crafting_table":3,"minecraft:cooked_porkchop":11,"minecraft:birch_planks":8,"minecraft:smoker":2,"biomesoplenty:orange_autumn_sapling":1,"minecraft:porkchop":4,"minecraft:oak_log":36,"minecraft:gunpowder":5,"minecraft:dark_oak_planks":8,"alexsmobs:animal_dictionary":1,"minecraft:dirt":18,"minecraft:lantern":1,"minecraft:cooked_salmon":2,"biomesoplenty:yellow_autumn_sapling":1,"travelersbackpack:light_gray_sleeping_bag":2,"minecraft:cooked_mutton":8,"biomesoplenty:tall_lavender":2,"minecraft:arrow":4,"minecraft:bone":6,"minecraft:rotten_flesh":7,"biomesoplenty:jacaranda_log":1,"minecraft:wheat_seeds":3,"minecraft:stone_pickaxe":1,"fishofthieves:earthworms":5,"minecraft:light_gray_wool":2,"minecraft:mangrove_planks":8,"minecraft:black_wool":2,"minecraft:mutton":4,"minecraft:oak_planks":5,"minecraft:coal":28,"minecraft:white_wool":1,"minecraft:wooden_axe":1},"minecraft:killed":{"minecraft:sheep":4,"minecraft:pig":2,"minecraft:zombie":1},"minecraft:used":{"minecraft:wooden_axe":46,"minecraft:stone_pickaxe":1,"biomesoplenty:yellow_autumn_sapling":1,"biomesoplenty:lavender":1,"travelersbackpack:light_gray_sleeping_bag":1,"fishofthieves:earthworms":5,"minecraft:dirt":2,"minecraft:crafting_table":2,"minecraft:cooked_porkchop":1,"biomesoplenty:orange_autumn_sapling":1},"minecraft:crafted":{"biomesoplenty:jacaranda_planks":4,"minecraft:crafting_table":1,"minecraft:stick":12,"travelersbackpack:light_gray_sleeping_bag":1,"minecraft:wooden_pickaxe":1,"minecraft:wooden_axe":1,"minecraft:mangrove_planks":8,"minecraft:dark_oak_planks":8,"minecraft:birch_planks":20},"minecraft:custom":{"minecraft:time_since_rest":2337,"minecraft:sprint_one_cm":36311,"minecraft:damage_taken":415,"minecraft:walk_one_cm":18035,"minecraft:mob_kills":7,"minecraft:damage_dealt":894,"minecraft:deaths":1,"minecraft:interact_with_crafting_table":2,"minecraft:fly_one_cm":97144,"minecraft:open_chest":7,"minecraft:crouch_one_cm":550,"minecraft:play_time":10705,"minecraft:interact_with_campfire":5,"minecraft:sneak_time":424,"minecraft:jump":313,"minecraft:leave_game":1,"minecraft:walk_on_water_one_cm":197,"minecraft:time_since_death":2296,"minecraft:climb_one_cm":8,"minecraft:total_world_time":10705,"minecraft:fall_one_cm":6377}},"DataVersion":3465}