{"stats":{"minecraft:broken":{"minecraft:golden_helmet":1},"minecraft:dropped":{"minecraft:bread":17,"minecraft:wheat_seeds":4,"minecraft:stick":6,"minecraft:potato":7,"minecraft:potion":1,"minecraft:wooden_pickaxe":1,"minecraft:stone_pickaxe":1,"minecraft:sugar":1},"minecraft:picked_up":{"minecraft:crafting_table":3,"minecraft:jungle_log":2,"minecraft:filled_map":1,"minecraft:wooden_pickaxe":1,"minecraft:potato":19,"minecraft:oak_stairs":1,"minecraft:oak_log":18,"biomesoplenty:jacaranda_planks":2,"minecraft:lapis_lazuli":10,"minecraft:string":2,"minecraft:dirt":10,"minecraft:raw_copper":6,"minecraft:wheat_seeds":10,"alexsmobs:banana":1,"minecraft:stone_pickaxe":2,"minecraft:glass_bottle":1,"fishofthieves:earthworms":1,"minecraft:spruce_slab":1,"minecraft:cyan_candle":3,"minecraft:oak_planks":1,"minecraft:golden_helmet":1,"minecraft:raw_iron":8,"minecraft:stick":2,"minecraft:torch":2,"minecraft:jungle_planks":12,"minecraft:stripped_spruce_log":4,"biomesoplenty:mahogany_log":3,"minecraft:sugar":1,"minecraft:pumpkin_pie":2,"minecraft:hay_block":7,"minecraft:bread":7,"minecraft:coal":20,"minecraft:cobblestone":112},"minecraft:crafted":{"minecraft:wooden_sword":1,"minecraft:oak_planks":32,"minecraft:stone_shovel":1,"minecraft:crafting_table":1,"minecraft:spruce_planks":16,"minecraft:wooden_pickaxe":1,"minecraft:stone_axe":1,"minecraft:bread":21,"minecraft:jungle_planks":8,"minecraft:lime_bed":1,"minecraft:stick":24,"minecraft:stone_pickaxe":1,"minecraft:wooden_axe":1,"minecraft:stone_sword":1,"minecraft:torch":4,"minecraft:stone_hoe":1,"minecraft:wheat":63},"minecraft:mined":{"biomesoplenty:jacaranda_leaves":1,"minecraft:jungle_leaves":2,"minecraft:crafting_table":3,"minecraft:torch":1,"biomesoplenty:bush":4,"minecraft:grass_block":10,"minecraft:jungle_planks":5,"minecraft:jungle_log":2,"minecraft:cobblestone":38,"minecraft:tall_grass":3,"biomesoplenty:sprout":5,"minecraft:lapis_ore":2,"minecraft:oak_planks":1,"minecraft:hay_block":4,"biomesoplenty:mahogany_log":3,"minecraft:iron_ore":8,"minecraft:stripped_spruce_log":4,"minecraft:moss_carpet":1,"minecraft:deepslate_lapis_ore":1,"minecraft:grass":43,"minecraft:coal_ore":20,"minecraft:oak_log":18,"minecraft:oak_stairs":1,"biomesoplenty:webbing":5,"minecraft:dirt":1,"minecraft:stone":78,"minecraft:oak_leaves":6,"minecraft:fern":10,"biomesoplenty:reed":2},"minecraft:custom":{"minecraft:interact_with_smithing_table":1,"minecraft:mob_kills":7,"minecraft:interact_with_crafting_table":16,"minecraft:open_barrel":2,"minecraft:leave_game":2,"minecraft:time_since_death":27845,"minecraft:sleep_in_bed":3,"minecraft:climb_one_cm":429,"minecraft:time_since_rest":19243,"minecraft:sprint_one_cm":124312,"minecraft:walk_one_cm":123855,"minecraft:damage_taken":1410,"minecraft:drop":30,"minecraft:damage_dealt":1516,"minecraft:swim_one_cm":28001,"minecraft:talked_to_villager":1,"minecraft:fly_one_cm":153954,"minecraft:open_chest":11,"minecraft:crouch_one_cm":6231,"minecraft:play_time":61392,"minecraft:deaths":5,"minecraft:sneak_time":2414,"minecraft:walk_under_water_one_cm":6698,"minecraft:jump":967,"minecraft:walk_on_water_one_cm":16137,"minecraft:total_world_time":61392,"minecraft:fall_one_cm":20779},"minecraft:killed_by":{"minecraft:skeleton":1,"minecraft:witch":2,"creeperoverhaul:hills_creeper":1,"minecraft:drowned":1},"minecraft:used":{"minecraft:stone_sword":5,"minecraft:glass_bottle":9,"minecraft:cyan_candle":6,"minecraft:spruce_slab":1,"minecraft:stone_pickaxe":124,"minecraft:oak_planks":6,"minecraft:wooden_pickaxe":39,"minecraft:stone_hoe":1,"minecraft:torch":2,"fishofthieves:earthworms":1,"minecraft:dirt":4,"minecraft:lime_bed":1,"minecraft:crafting_table":4,"minecraft:dark_oak_planks":1,"minecraft:wooden_axe":20,"minecraft:oak_stairs":1,"minecraft:bread":4,"minecraft:potion":8,"minecraft:wooden_sword":16,"minecraft:cobblestone":3,"alexsmobs:banana":1,"minecraft:pumpkin_pie":1,"alexsmobs:animal_dictionary":1,"minecraft:potato":3},"minecraft:killed":{"minecraft:pig":1,"minecraft:witch":2,"minecraft:spider":1,"minecraft:skeleton":1,"minecraft:zombie":2}},"DataVersion":3465}