{"stats":{"minecraft:picked_up":{"minecraft:cocoa_beans":6,"minecraft:charcoal":3,"minecraft:crafting_table":3,"minecraft:nether_wart":96,"minecraft:anvil":4,"minecraft:diamond_sword":1,"minecraft:wooden_pickaxe":2,"minecraft:potion":1,"minecraft:enchanted_book":3,"minecraft:stone_brick_stairs":1,"minecraft:brewing_stand":1,"minecraft:shield":1,"minecraft:oak_trapdoor":1,"minecraft:string":22,"minecraft:deepslate_tiles":2,"minecraft:diamond_leggings":1,"minecraft:cobbled_deepslate":1264,"minecraft:bucket":1,"minecraft:spruce_planks":1,"minecraft:beef":5,"minecraft:jungle_sapling":2,"minecraft:iron_pickaxe":1,"minecraft:sugar_cane":54,"farmersdelight:golden_knife":3,"minecraft:stick":33,"minecraft:raw_iron":80,"minecraft:torch":53,"minecraft:carrot":4,"minecraft:redstone":72,"minecraft:light_blue_bed":1,"minecraft:stone_sword":4,"minecraft:arrow":19,"minecraft:rotten_flesh":18,"minecraft:diamond_chestplate":1,"biomesoplenty:jacaranda_log":2,"minecraft:diamond_boots":1,"minecraft:hay_block":26,"minecraft:iron_block":4,"minecraft:saddle":2,"minecraft:obsidian":10,"minecraft:cobblestone":451,"minecraft:birch_log":2,"minecraft:jungle_log":4,"minecraft:leather":10,"minecraft:smoker":1,"minecraft:potato":170,"minecraft:birch_planks":1,"alexscaves:limestone":349,"minecraft:tuff":85,"minecraft:oak_log":10,"minecraft:lily_pad":1,"biomesoplenty:jacaranda_planks":12,"minecraft:gunpowder":1,"minecraft:dirt":22,"minecraft:white_banner":9,"minecraft:bone":2,"minecraft:apple":10,"minecraft:stone_bricks":2,"minecraft:wheat_seeds":4,"minecraft:raw_gold":32,"minecraft:stone_pickaxe":9,"fishofthieves:earthworms":1,"minecraft:glowstone_dust":2,"alexscaves:curly_fern":5,"minecraft:cyan_candle":3,"minecraft:diamond_helmet":1,"minecraft:glass_bottle":5,"minecraft:bamboo":3,"minecraft:oak_planks":96,"minecraft:book":49,"biomesoplenty:toadstool":2,"minecraft:emerald_block":30,"minecraft:cooked_porkchop":4,"minecraft:gravel":2,"minecraft:sand":3,"minecraft:jungle_planks":5,"minecraft:spruce_sapling":60,"minecraft:blast_furnace":2,"minecraft:ink_sac":5,"minecraft:spruce_log":218,"minecraft:spider_eye":1,"alexsmobs:animal_dictionary":2,"minecraft:mossy_cobblestone":3,"biomesoplenty:mahogany_log":6,"minecraft:spruce_fence_gate":5,"distorted_discs:nether_02":4,"minecraft:slime_block":22,"minecraft:diamond":31,"minecraft:spruce_boat":2,"minecraft:stone_axe":1,"minecraft:crossbow":2,"minecraft:emerald":36,"minecraft:bread":127,"minecraft:terracotta":2,"minecraft:coal":99,"minecraft:diamond_pickaxe":1,"minecraft:ender_pearl":1},"minecraft:crafted":{"minecraft:oak_planks":40,"minecraft:furnace":1,"minecraft:glass":3,"minecraft:diamond_helmet":1,"minecraft:diamond_leggings":1,"minecraft:stone_pickaxe":3,"minecraft:chest":1,"minecraft:diamond_boots":1,"minecraft:spruce_boat":1,"minecraft:wheat":54,"minecraft:glass_bottle":3,"minecraft:diamond_sword":1,"biomesoplenty:jacaranda_planks":8,"minecraft:crafting_table":15,"minecraft:spruce_planks":44,"minecraft:wooden_pickaxe":1,"minecraft:bucket":1,"minecraft:bread":18,"minecraft:air":0,"minecraft:jungle_planks":16,"minecraft:diamond_pickaxe":1,"minecraft:emerald_block":3,"minecraft:shield":1,"minecraft:stick":4,"minecraft:iron_ingot":7,"minecraft:iron_pickaxe":1,"minecraft:stone_sword":1,"minecraft:torch":4,"minecraft:diamond_chestplate":1},"minecraft:custom":{"minecraft:inspect_dropper":5,"minecraft:mob_kills":104,"minecraft:interact_with_crafting_table":25,"minecraft:open_barrel":3,"minecraft:bell_ring":1,"minecraft:leave_game":6,"minecraft:time_since_death":49788,"minecraft:climb_one_cm":438,"minecraft:sprint_one_cm":525966,"minecraft:walk_one_cm":636621,"minecraft:damage_blocked_by_shield":390,"minecraft:drop":87,"minecraft:play_time":276879,"minecraft:sneak_time":14078,"minecraft:deaths":8,"minecraft:walk_under_water_one_cm":45724,"minecraft:boat_one_cm":40389,"minecraft:jump":3179,"minecraft:interact_with_blast_furnace":5,"minecraft:walk_on_water_one_cm":126178,"minecraft:total_world_time":276879,"minecraft:interact_with_furnace":2,"minecraft:play_record":3,"minecraft:raid_trigger":1,"minecraft:sleep_in_bed":3,"minecraft:time_since_rest":49834,"minecraft:waystone_activated":1,"minecraft:damage_taken":5417,"minecraft:damage_dealt":21331,"minecraft:player_kills":1,"minecraft:swim_one_cm":13389,"minecraft:fly_one_cm":391084,"minecraft:open_chest":56,"minecraft:crouch_one_cm":29066,"minecraft:fall_one_cm":58371,"minecraft:use_cauldron":7,"minecraft:inspect_dispenser":4},"minecraft:mined":{"minecraft:dark_oak_planks":3,"minecraft:light_blue_stained_glass_pane":3,"minecraft:deepslate_tiles":2,"minecraft:tuff":93,"biomesoplenty:watergrass":1,"minecraft:spruce_planks":1,"minecraft:mossy_cobblestone":4,"minecraft:deepslate_diamond_ore":30,"minecraft:cobblestone_stairs":1,"minecraft:jungle_leaves":2,"minecraft:brewing_stand":1,"minecraft:obsidian":4,"alexscaves:limestone":99,"minecraft:grass_block":8,"minecraft:infested_cobblestone":1,"minecraft:jungle_planks":1,"minecraft:jungle_log":4,"minecraft:nether_wart":7,"minecraft:large_fern":2,"minecraft:hay_block":13,"minecraft:oak_trapdoor":1,"biomesoplenty:toadstool":2,"minecraft:iron_ore":41,"minecraft:cobbled_deepslate":32,"minecraft:anvil":2,"minecraft:big_dripleaf_stem":1,"minecraft:peony":1,"minecraft:green_stained_glass":2,"minecraft:bookshelf":5,"biomesoplenty:webbing":14,"minecraft:deepslate_iron_ore":9,"minecraft:iron_bars":6,"alexscaves:curly_fern":2,"minecraft:stone":264,"biomesoplenty:spider_egg":1,"minecraft:iron_block":2,"minecraft:deepslate_redstone_ore":15,"minecraft:smoker":1,"minecraft:crafting_table":2,"minecraft:torch":5,"minecraft:blast_furnace":3,"minecraft:poppy":1,"minecraft:white_stained_glass_pane":2,"minecraft:cobblestone":22,"biomesoplenty:sprout":2,"minecraft:sugar_cane":4,"minecraft:slime_block":10,"minecraft:deepslate_gold_ore":16,"biomesoplenty:huge_clover_petal":4,"minecraft:wall_torch":12,"minecraft:light_blue_bed":1,"biomesoplenty:maple_leaves":1,"minecraft:stone_brick_stairs":1,"minecraft:grass":12,"biomesoplenty:clover":1,"minecraft:oak_log":10,"minecraft:coal_ore":33,"minecraft:gravel":2,"minecraft:dirt":3,"minecraft:sand":6,"biomesoplenty:stringy_cobweb":1,"minecraft:terracotta":2,"minecraft:spruce_fence_gate":1,"minecraft:stone_bricks":3,"minecraft:mossy_stone_bricks":1,"minecraft:deepslate":1183,"minecraft:emerald_block":15,"minecraft:fern":8},"minecraft:broken":{"minecraft:stone_pickaxe":1},"minecraft:dropped":{"minecraft:bread":10,"minecraft:wheat_seeds":1,"minecraft:glass_bottle":6,"minecraft:crafting_table":1,"alexscaves:curly_fern":1,"minecraft:crossbow":1,"minecraft:leather":1,"minecraft:saddle":1,"minecraft:emerald":11,"minecraft:dirt":5,"farmersdelight:golden_knife":2,"minecraft:ink_sac":3,"minecraft:potion":1,"minecraft:white_banner":7,"minecraft:iron_pickaxe":1,"minecraft:lily_pad":1,"minecraft:spruce_sapling":18,"minecraft:redstone":66,"minecraft:gravel":2,"biomesoplenty:toadstool":2,"minecraft:stone_axe":1,"minecraft:cobbled_deepslate":276,"minecraft:cocoa_beans":3,"minecraft:rotten_flesh":12,"minecraft:smoker":1,"minecraft:carrot":3,"minecraft:potato":12,"minecraft:deepslate_tiles":1,"fishofthieves:earthworms":1,"minecraft:spruce_planks":5,"minecraft:arrow":18,"minecraft:beef":5,"minecraft:stone_pickaxe":3,"minecraft:wooden_pickaxe":1},"minecraft:used":{"minecraft:oak_trapdoor":1,"minecraft:stone_sword":24,"minecraft:chest":1,"minecraft:shield":7,"minecraft:torch":48,"minecraft:dirt":1,"minecraft:jungle_planks":16,"alexscaves:limestone":7,"minecraft:tuff":8,"minecraft:spruce_boat":1,"minecraft:grass_block":3,"minecraft:slime_block":1,"minecraft:light_blue_bed":1,"minecraft:furnace":1,"minecraft:cobbled_deepslate":368,"minecraft:water_bucket":109,"minecraft:glass_bottle":162,"minecraft:stone_pickaxe":384,"farmersdelight:golden_knife":10,"minecraft:wooden_pickaxe":5,"minecraft:crafting_table":16,"minecraft:blast_furnace":1,"distorted_discs:nether_02":3,"minecraft:diamond_pickaxe":1376,"minecraft:apple":10,"minecraft:iron_pickaxe":160,"minecraft:bread":66,"minecraft:cobblestone":11,"minecraft:potion":159,"minecraft:diamond_sword":314,"minecraft:cooked_porkchop":4,"minecraft:bucket":110,"minecraft:air":12,"minecraft:jukebox":1},"minecraft:killed_by":{"minecraft:player":1,"minecraft:vindicator":1,"minecraft:skeleton":2},"minecraft:killed":{"minecraft:evoker":1,"minecraft:vex":4,"minecraft:cave_spider":4,"minecraft:witch":5,"minecraft:spider":4,"minecraft:vindicator":11,"minecraft:skeleton":6,"minecraft:silverfish":1,"minecraft:drowned":2,"alexsmobs:anteater":2,"minecraft:bat":2,"minecraft:ravager":1,"minecraft:pillager":28,"minecraft:zombie":23,"alexsmobs:cockroach":1,"alexsmobs:fly":1,"minecraft:enderman":1,"minecraft:cow":5}},"DataVersion":3465}