{"stats":{"minecraft:broken":{"minecraft:stone_pickaxe":1},"minecraft:dropped":{"minecraft:bread":3,"minecraft:crafting_table":1,"alexscaves:curly_fern":1,"minecraft:dirt":1,"farmersdelight:golden_knife":1,"minecraft:ink_sac":3,"minecraft:spruce_sapling":18,"minecraft:stone_axe":1,"minecraft:potato":12,"fishofthieves:earthworms":1,"minecraft:stone_pickaxe":3,"minecraft:wooden_pickaxe":1},"minecraft:picked_up":{"minecraft:cocoa_beans":3,"minecraft:crafting_table":2,"minecraft:nether_wart":77,"minecraft:anvil":1,"minecraft:wooden_pickaxe":2,"minecraft:potion":1,"minecraft:oak_trapdoor":1,"minecraft:string":5,"minecraft:cobbled_deepslate":610,"minecraft:spruce_planks":1,"minecraft:jungle_sapling":2,"minecraft:sugar_cane":45,"farmersdelight:golden_knife":3,"minecraft:stick":33,"minecraft:raw_iron":10,"minecraft:torch":34,"minecraft:redstone":70,"minecraft:light_blue_bed":1,"minecraft:stone_sword":4,"minecraft:arrow":1,"minecraft:rotten_flesh":7,"biomesoplenty:jacaranda_log":2,"minecraft:hay_block":22,"minecraft:obsidian":4,"minecraft:cobblestone":353,"minecraft:birch_log":2,"minecraft:jungle_log":4,"minecraft:potato":106,"minecraft:birch_planks":1,"alexscaves:limestone":349,"minecraft:tuff":56,"minecraft:oak_log":10,"biomesoplenty:jacaranda_planks":12,"minecraft:dirt":17,"minecraft:bone":2,"minecraft:wheat_seeds":3,"minecraft:stone_pickaxe":9,"fishofthieves:earthworms":1,"alexscaves:curly_fern":4,"minecraft:cyan_candle":3,"minecraft:glass_bottle":3,"minecraft:oak_planks":96,"minecraft:cooked_porkchop":4,"minecraft:gravel":2,"minecraft:jungle_planks":5,"minecraft:sand":3,"minecraft:spruce_sapling":60,"minecraft:blast_furnace":2,"minecraft:ink_sac":5,"minecraft:spruce_log":173,"alexsmobs:animal_dictionary":2,"biomesoplenty:mahogany_log":6,"minecraft:spruce_fence_gate":5,"distorted_discs:nether_02":4,"minecraft:diamond":21,"minecraft:stone_axe":1,"minecraft:bread":91,"minecraft:emerald":15,"minecraft:terracotta":2,"minecraft:coal":67},"minecraft:crafted":{"minecraft:oak_planks":40,"minecraft:furnace":1,"minecraft:glass":3,"minecraft:stone_pickaxe":3,"minecraft:chest":1,"minecraft:wheat":54,"minecraft:glass_bottle":3,"minecraft:diamond_sword":1,"biomesoplenty:jacaranda_planks":8,"minecraft:crafting_table":10,"minecraft:spruce_planks":16,"minecraft:wooden_pickaxe":1,"minecraft:bucket":1,"minecraft:bread":18,"minecraft:air":0,"minecraft:jungle_planks":16,"minecraft:diamond_pickaxe":1,"minecraft:shield":1,"minecraft:stick":4,"minecraft:iron_ingot":7,"minecraft:iron_pickaxe":1,"minecraft:stone_sword":1,"minecraft:torch":4,"minecraft:diamond_chestplate":1},"minecraft:custom":{"minecraft:mob_kills":12,"minecraft:interact_with_crafting_table":15,"minecraft:leave_game":1,"minecraft:time_since_death":72320,"minecraft:climb_one_cm":232,"minecraft:sprint_one_cm":182728,"minecraft:walk_one_cm":290194,"minecraft:damage_blocked_by_shield":15,"minecraft:drop":29,"minecraft:play_time":137713,"minecraft:deaths":7,"minecraft:sneak_time":8728,"minecraft:walk_under_water_one_cm":14795,"minecraft:jump":1327,"minecraft:interact_with_blast_furnace":5,"minecraft:walk_on_water_one_cm":45444,"minecraft:total_world_time":137713,"minecraft:interact_with_furnace":2,"minecraft:play_record":3,"minecraft:sleep_in_bed":2,"minecraft:time_since_rest":72348,"minecraft:damage_taken":2415,"minecraft:damage_dealt":2939,"minecraft:swim_one_cm":8323,"minecraft:fly_one_cm":151501,"minecraft:player_kills":1,"minecraft:open_chest":20,"minecraft:crouch_one_cm":20819,"minecraft:fall_one_cm":26669},"minecraft:mined":{"minecraft:light_blue_stained_glass_pane":3,"minecraft:tuff":58,"minecraft:spruce_planks":1,"minecraft:deepslate_diamond_ore":21,"minecraft:jungle_leaves":2,"alexscaves:limestone":99,"minecraft:obsidian":4,"minecraft:grass_block":4,"minecraft:jungle_planks":1,"minecraft:jungle_log":4,"minecraft:nether_wart":7,"minecraft:large_fern":2,"minecraft:hay_block":11,"minecraft:oak_trapdoor":1,"minecraft:iron_ore":7,"minecraft:cobbled_deepslate":16,"minecraft:anvil":1,"minecraft:peony":1,"minecraft:green_stained_glass":2,"minecraft:deepslate_iron_ore":3,"biomesoplenty:webbing":10,"alexscaves:curly_fern":1,"minecraft:stone":185,"minecraft:deepslate_redstone_ore":15,"minecraft:crafting_table":2,"minecraft:torch":5,"minecraft:blast_furnace":3,"minecraft:white_stained_glass_pane":2,"biomesoplenty:sprout":2,"minecraft:sugar_cane":4,"minecraft:wall_torch":8,"minecraft:light_blue_bed":1,"biomesoplenty:maple_leaves":1,"minecraft:grass":3,"minecraft:coal_ore":33,"minecraft:oak_log":10,"minecraft:gravel":2,"minecraft:dirt":2,"minecraft:sand":6,"biomesoplenty:stringy_cobweb":1,"minecraft:terracotta":2,"minecraft:spruce_fence_gate":1,"minecraft:fern":5,"minecraft:deepslate":601},"minecraft:killed_by":{"minecraft:player":1,"minecraft:skeleton":2},"minecraft:used":{"minecraft:oak_trapdoor":1,"minecraft:stone_sword":24,"minecraft:chest":1,"minecraft:shield":1,"minecraft:torch":19,"minecraft:jungle_planks":16,"alexscaves:limestone":7,"minecraft:tuff":3,"minecraft:grass_block":3,"minecraft:light_blue_bed":1,"minecraft:furnace":1,"minecraft:cobbled_deepslate":189,"minecraft:water_bucket":35,"minecraft:glass_bottle":25,"minecraft:stone_pickaxe":384,"farmersdelight:golden_knife":10,"minecraft:wooden_pickaxe":5,"minecraft:crafting_table":10,"minecraft:blast_furnace":1,"distorted_discs:nether_02":3,"minecraft:diamond_pickaxe":525,"minecraft:bread":14,"minecraft:iron_pickaxe":160,"minecraft:diamond_sword":17,"minecraft:potion":25,"minecraft:cobblestone":2,"minecraft:cooked_porkchop":2,"minecraft:bucket":35,"minecraft:air":2,"minecraft:jukebox":1},"minecraft:killed":{"minecraft:cave_spider":1,"minecraft:spider":1,"minecraft:skeleton":1,"minecraft:zombie":9}},"DataVersion":3465}