{"stats":{"minecraft:custom":{"minecraft:interact_with_crafting_table":63,"minecraft:open_barrel":62,"minecraft:bell_ring":4,"minecraft:leave_game":3,"minecraft:time_since_death":102808,"minecraft:sprint_one_cm":843061,"minecraft:damage_blocked_by_shield":1770,"minecraft:drop":241,"minecraft:talked_to_villager":2,"minecraft:play_time":358970,"minecraft:deaths":11,"minecraft:jump":6145,"minecraft:interact_with_brewingstand":9,"minecraft:walk_on_water_one_cm":145686,"minecraft:interact_with_furnace":31,"minecraft:sleep_in_bed":10,"minecraft:damage_dealt":29891,"minecraft:crouch_one_cm":4473,"minecraft:interact_with_smoker":2,"minecraft:interact_with_smithing_table":8,"minecraft:mob_kills":180,"minecraft:interact_with_anvil":10,"minecraft:inspect_hopper":5,"minecraft:climb_one_cm":8137,"minecraft:walk_one_cm":946945,"minecraft:sneak_time":2764,"minecraft:walk_under_water_one_cm":52420,"minecraft:boat_one_cm":830353,"minecraft:total_world_time":358970,"minecraft:time_since_rest":83588,"minecraft:damage_taken":7796,"minecraft:swim_one_cm":2767,"minecraft:fly_one_cm":1506760,"minecraft:open_chest":148,"minecraft:fall_one_cm":154970},"minecraft:killed_by":{"minecraft:creeper":1,"creeperoverhaul:cave_creeper":1,"minecraft:zombie":1,"minecraft:spider":1,"minecraft:enderman":1,"alexsmobs:centipede_head":4,"minecraft:skeleton":1},"minecraft:picked_up":{"minecraft:iron_chestplate":9,"minecraft:wheat":1,"minecraft:anvil":7,"minecraft:smithing_table":1,"aether:iron_gloves":6,"minecraft:stone_brick_stairs":2,"minecraft:enchanted_book":28,"minecraft:crimson_planks":1,"travelersbackpack:spider":6,"alexsmobs:gazelle_horn":1,"minecraft:string":27,"aether:diamond_gloves":1,"minecraft:smooth_stone_slab":3,"minecraft:iron_leggings":3,"biomesoplenty:tall_lavender":4,"minecraft:diamond_leggings":1,"alexsmobs:emu_feather":2,"minecraft:gold_nugget":5,"minecraft:cobbled_deepslate":26,"minecraft:spruce_planks":22,"minecraft:calcite":1,"minecraft:iron_pickaxe":8,"alexsmobs:raccoon_tail":1,"farmersdelight:cabbage_seeds":2,"minecraft:furnace":6,"minecraft:stick":11,"minecraft:jukebox":1,"minecraft:oak_fence":5,"minecraft:torch":108,"minecraft:spruce_stairs":3,"minecraft:porkchop":15,"minecraft:goat_horn":1,"minecraft:stone_sword":1,"minecraft:mangrove_stairs":1,"minecraft:rotten_flesh":54,"minecraft:light_blue_wool":2,"alexsmobs:flying_fish_boots":6,"travelersbackpack:chicken":1,"minecraft:obsidian":85,"minecraft:iron_bars":2,"alexsmobs:flying_fish":18,"minecraft:cobblestone":369,"biomesoplenty:lavender":23,"minecraft:birch_log":26,"minecraft:magma_block":1,"minecraft:feather":2,"minecraft:lilac":1,"minecraft:water_bucket":11,"minecraft:potato":210,"alexsmobs:bison_fur":2,"minecraft:magenta_bed":2,"minecraft:dirt":38,"minecraft:name_tag":2,"minecraft:bone":96,"minecraft:acacia_planks":2,"minecraft:bow":9,"minecraft:wheat_seeds":20,"minecraft:deepslate_brick_slab":1,"minecraft:cobbled_deepslate_slab":1,"fishofthieves:earthworms":9,"minecraft:diamond_helmet":1,"minecraft:glowstone_dust":4,"minecraft:oak_planks":349,"minecraft:music_disc_13":1,"minecraft:sand":79,"minecraft:grass_block":1,"minecraft:cyan_bed":2,"minecraft:dark_oak_log":5,"alexsmobs:animal_dictionary":1,"minecraft:mossy_cobblestone":3,"simplyswords:diamond_claymore":2,"minecraft:clay":1,"minecraft:diamond":41,"minecraft:golden_apple":1,"minecraft:bread":343,"minecraft:emerald":10,"minecraft:jack_o_lantern":2,"minecraft:oak_sapling":3,"minecraft:diamond_pickaxe":1,"minecraft:crafting_table":3,"minecraft:ladder":1,"minecraft:gold_block":5,"distorted_discs:ow_18":2,"minecraft:shield":7,"minecraft:red_bed":5,"minecraft:moss_carpet":9,"minecraft:blue_orchid":13,"minecraft:cracked_stone_bricks":1,"minecraft:beef":86,"minecraft:oak_boat":2,"minecraft:poppy":1,"minecraft:chest":1,"minecraft:raw_iron":137,"minecraft:spruce_fence":3,"minecraft:redstone":9,"minecraft:dark_oak_planks":6,"minecraft:arrow":53,"minecraft:diamond_chestplate":1,"biomesoplenty:jacaranda_log":11,"minecraft:beetroot_seeds":3,"minecraft:diamond_boots":1,"minecraft:hay_block":30,"minecraft:mutton":14,"minecraft:glow_berries":2,"minecraft:white_wool":7,"alexsmobs:kangaroo_meat":4,"minecraft:golden_carrot":1,"minecraft:leather":44,"minecraft:filled_map":1,"minecraft:birch_planks":400,"fishofthieves:grubs":10,"minecraft:oak_log":48,"minecraft:lily_pad":21,"minecraft:gunpowder":7,"minecraft:cobblestone_stairs":3,"minecraft:orange_terracotta":3,"minecraft:apple":477,"minecraft:stone_bricks":3,"alexsmobs:cockroach_wing_fragment":1,"minecraft:iron_ingot":40,"minecraft:glass_bottle":2,"minecraft:soul_sand":9,"minecraft:iron_sword":6,"minecraft:book":101,"minecraft:polished_andesite_stairs":1,"minecraft:scaffolding":2,"minecraft:smooth_basalt":4,"minecraft:black_candle":4,"minecraft:birch_boat":1,"minecraft:dandelion":1,"minecraft:gravel":4,"minecraft:crimson_stairs":1,"minecraft:blast_furnace":1,"minecraft:spruce_log":3,"minecraft:crying_obsidian":2,"minecraft:spruce_door":1,"minecraft:spider_eye":10,"minecraft:stone_axe":5,"minecraft:iron_helmet":3,"minecraft:gray_wool":2,"minecraft:coal":67,"minecraft:ender_pearl":1},"minecraft:mined":{"minecraft:spruce_planks":26,"minecraft:cobblestone_stairs":3,"minecraft:obsidian":2,"minecraft:grass_block":9,"minecraft:exposed_cut_copper_stairs":2,"minecraft:spawner":5,"minecraft:magma_block":2,"biomesoplenty:tall_lavender":3,"minecraft:mossy_cobblestone_slab":1,"minecraft:fire":1,"minecraft:iron_ore":22,"minecraft:cobbled_deepslate":1,"biomesoplenty:lavender":7,"minecraft:anvil":6,"minecraft:red_tulip":1,"minecraft:dirt_path":1,"minecraft:iron_bars":2,"minecraft:black_candle":1,"minecraft:deepslate_redstone_ore":1,"minecraft:red_bed":1,"minecraft:orange_terracotta":3,"minecraft:torch":3,"minecraft:blast_furnace":1,"minecraft:calcite":1,"minecraft:polished_andesite_stairs":1,"minecraft:chest":1,"minecraft:cobblestone":43,"minecraft:cyan_bed":2,"minecraft:oak_planks":1,"minecraft:crimson_stairs":1,"minecraft:wall_torch":1,"minecraft:birch_log":26,"minecraft:magenta_bed":2,"minecraft:lilac":1,"minecraft:jukebox":1,"biomesoplenty:maple_leaves":2,"minecraft:stone_brick_stairs":2,"minecraft:smooth_stone_slab":3,"minecraft:grass":49,"minecraft:oak_log":48,"minecraft:sand":78,"minecraft:dirt":7,"minecraft:crimson_planks":3,"minecraft:smooth_basalt":4,"minecraft:deepslate":22,"minecraft:crying_obsidian":2,"minecraft:light_blue_wool":2,"minecraft:mossy_cobblestone":4,"minecraft:deepslate_diamond_ore":27,"minecraft:dark_oak_log":5,"minecraft:jack_o_lantern":2,"minecraft:ladder":1,"minecraft:chiseled_bookshelf":4,"minecraft:cobbled_deepslate_slab":2,"biomesoplenty:bush":2,"minecraft:spruce_fence":3,"minecraft:moss_block":2,"minecraft:large_fern":3,"minecraft:hay_block":30,"minecraft:deepslate_brick_slab":1,"biomesoplenty:jacaranda_log":6,"minecraft:furnace":3,"minecraft:gold_block":2,"minecraft:mossy_stone_brick_stairs":1,"minecraft:bookshelf":14,"minecraft:deepslate_iron_ore":20,"minecraft:vine":2,"biomesoplenty:barley":13,"minecraft:stone":146,"travelersbackpack:spider":6,"minecraft:scaffolding":1,"minecraft:mangrove_stairs":1,"minecraft:soul_sand":9,"minecraft:dandelion":2,"minecraft:oak_fence":5,"minecraft:crafting_table":3,"minecraft:emerald_ore":1,"minecraft:tall_grass":16,"minecraft:spruce_stairs":3,"farmersdelight:wild_beetroots":2,"biomesoplenty:yellow_autumn_leaves":3,"minecraft:spruce_log":3,"minecraft:mangrove_leaves":1,"minecraft:coal_ore":35,"minecraft:gravel":1,"minecraft:cobweb":18,"minecraft:cracked_stone_bricks":1,"minecraft:acacia_planks":2,"minecraft:stone_bricks":4,"minecraft:mossy_stone_bricks":4,"minecraft:fern":7,"minecraft:iron_trapdoor":1},"minecraft:used":{"minecraft:jack_o_lantern":2,"minecraft:chest":1,"minecraft:shield":28,"minecraft:iron_sword":77,"minecraft:iron_chestplate":2,"minecraft:stone_bricks":2,"minecraft:bow":6,"minecraft:dark_oak_boat":1,"minecraft:scaffolding":1,"minecraft:furnace":6,"travelersbackpack:spider":4,"minecraft:stone_pickaxe":38,"minecraft:oak_planks":5,"minecraft:wooden_pickaxe":6,"biomesoplenty:lavender":1,"minecraft:diamond_axe":56,"simplyswords:diamond_claymore":346,"minecraft:cyan_bed":2,"minecraft:bread":110,"minecraft:gravel":1,"minecraft:smithing_table":1,"minecraft:oak_boat":6,"minecraft:experience_bottle":4,"minecraft:stone_sword":162,"minecraft:torch":53,"minecraft:anvil":6,"minecraft:wooden_axe":46,"biomesoplenty:tall_lavender":2,"minecraft:iron_boots":1,"biomesoplenty:jacaranda_log":1,"minecraft:golden_carrot":1,"minecraft:goat_horn":5,"minecraft:cobbled_deepslate":10,"minecraft:calcite":1,"minecraft:water_bucket":23,"minecraft:birch_boat":1,"minecraft:crafting_table":20,"minecraft:magenta_bed":1,"minecraft:diamond_pickaxe":191,"minecraft:apple":7,"minecraft:iron_pickaxe":178,"minecraft:stone_axe":43,"minecraft:cobblestone":121,"minecraft:bucket":23,"minecraft:pumpkin_pie":1,"minecraft:gray_wool":1,"minecraft:jukebox":1},"minecraft:crafted":{"minecraft:oak_planks":192,"travelersbackpack:crafting_upgrade":1,"minecraft:dark_oak_boat":1,"minecraft:birch_boat":1,"minecraft:glass":24,"minecraft:diamond_helmet":1,"minecraft:bow":1,"minecraft:diamond_leggings":1,"minecraft:iron_boots":1,"travelersbackpack:gray_sleeping_bag":1,"minecraft:chest":2,"travelersbackpack:iron_tier_upgrade":1,"minecraft:crafting_table":19,"minecraft:wooden_pickaxe":2,"travelersbackpack:standard":1,"minecraft:birch_planks":104,"minecraft:diamond_pickaxe":1,"minecraft:shield":1,"minecraft:stick":56,"minecraft:iron_ingot":48,"minecraft:iron_pickaxe":1,"minecraft:iron_block":3,"minecraft:stone_sword":1,"minecraft:gold_ingot":11,"simplyswords:diamond_sai":1,"minecraft:iron_nugget":9,"minecraft:furnace":4,"travelersbackpack:blank_upgrade":4,"travelersbackpack:gold_tier_upgrade":1,"travelersbackpack:light_gray_sleeping_bag":1,"minecraft:stone_pickaxe":2,"minecraft:diamond_boots":1,"alexsmobs:flying_fish_boots":1,"minecraft:dark_oak_planks":20,"travelersbackpack:spider":5,"travelersbackpack:diamond_tier_upgrade":1,"minecraft:wheat":270,"minecraft:cooked_beef":23,"travelersbackpack:backpack_tank":4,"minecraft:iron_sword":1,"minecraft:stone_axe":1,"minecraft:bread":97,"minecraft:air":0,"minecraft:oak_boat":5,"minecraft:wooden_axe":1,"minecraft:iron_leggings":1,"minecraft:anvil":1,"minecraft:torch":112,"simplyswords:diamond_claymore":1,"travelersbackpack:light_blue_sleeping_bag":1,"minecraft:diamond_chestplate":1},"minecraft:dropped":{"minecraft:iron_sword":1,"minecraft:soul_sand":9,"minecraft:porkchop":15,"minecraft:diamond":1,"minecraft:glass_bottle":1,"alexsmobs:kangaroo_meat":1,"minecraft:leather":9,"minecraft:cracked_stone_bricks":1,"simplyswords:diamond_claymore":1,"alexsmobs:bison_fur":2,"minecraft:cobblestone_stairs":3,"minecraft:dirt":6,"minecraft:mutton":9,"alexsmobs:flying_fish":2,"minecraft:sand":1,"minecraft:iron_pickaxe":2,"minecraft:dark_oak_planks":2,"alexsmobs:raccoon_tail":1,"minecraft:white_wool":4,"fishofthieves:grubs":10,"minecraft:bone":2,"minecraft:gravel":3,"minecraft:stone_axe":2,"alexsmobs:gazelle_horn":1,"minecraft:iron_nugget":5,"minecraft:cobbled_deepslate":16,"minecraft:deepslate_brick_slab":1,"minecraft:rotten_flesh":10,"minecraft:oak_planks":1,"minecraft:gunpowder":3,"minecraft:beetroot_seeds":1,"minecraft:ladder":1,"minecraft:arrow":2,"minecraft:beef":8,"minecraft:scaffolding":1,"minecraft:stone_brick_stairs":2,"biomesoplenty:tall_lavender":2,"minecraft:splash_potion":1,"minecraft:enchanted_book":2,"minecraft:wheat_seeds":6,"minecraft:lilac":1,"minecraft:mossy_cobblestone":3,"minecraft:book":24,"travelersbackpack:chicken":1,"biomesoplenty:lavender":22,"minecraft:cobblestone":5,"minecraft:iron_helmet":1,"minecraft:feather":2,"minecraft:apple":1,"minecraft:spruce_door":1,"minecraft:spruce_stairs":1,"minecraft:stick":9,"biomesoplenty:jacaranda_log":5,"minecraft:pufferfish":1,"minecraft:gray_wool":2,"minecraft:golden_carrot":1,"minecraft:torch":2,"minecraft:iron_leggings":1,"minecraft:string":4,"minecraft:lily_pad":21,"minecraft:acacia_planks":2,"minecraft:smooth_basalt":4,"minecraft:redstone":12,"minecraft:moss_carpet":9,"minecraft:stone_sword":1,"simplyswords:diamond_sai":1,"minecraft:light_gray_wool":1,"minecraft:iron_boots":1,"minecraft:cobbled_deepslate_slab":1,"minecraft:spruce_fence":3,"minecraft:filled_map":1,"fishofthieves:earthworms":8,"aether:iron_gloves":1,"minecraft:orange_terracotta":3,"minecraft:spruce_planks":7,"minecraft:iron_chestplate":2,"minecraft:oak_sapling":1,"minecraft:spider_eye":6,"minecraft:birch_boat":1,"minecraft:blue_orchid":2,"minecraft:stone_pickaxe":1,"minecraft:wooden_pickaxe":1,"minecraft:magma_block":1},"minecraft:killed":{"alexsmobs:anaconda":2,"minecraft:witch":12,"minecraft:spider":10,"alexsmobs:shoebill":2,"alexsmobs:alligator_snapping_turtle":1,"minecraft:skeleton":19,"alexsmobs:orca":2,"alexsmobs:centipede_head":1,"alexsmobs:kangaroo":1,"minecraft:pig":6,"minecraft:zombie_villager":1,"alexsmobs:seal":3,"minecraft:iron_golem":1,"minecraft:creeper":3,"minecraft:sheep":10,"minecraft:zombie":50,"minecraft:cow":40,"alexsmobs:raccoon":1,"minecraft:slime":1,"minecraft:horse":4,"alexsmobs:blue_jay":1,"alexsmobs:bison":1,"alexsmobs:flying_fish":4,"alexsmobs:cockroach":1,"alexsmobs:gazelle":2,"minecraft:enderman":1}},"DataVersion":3465}