{"stats":{"minecraft:dropped":{"minecraft:bread":2},"minecraft:picked_up":{"minecraft:cocoa_beans":3,"minecraft:crafting_table":1,"minecraft:nether_wart":26,"minecraft:jungle_log":4,"minecraft:wooden_pickaxe":1,"minecraft:potato":25,"minecraft:oak_log":10,"minecraft:dirt":4,"minecraft:oak_trapdoor":1,"minecraft:bone":2,"minecraft:wheat_seeds":1,"minecraft:cobbled_deepslate":1,"minecraft:stone_pickaxe":1,"minecraft:sugar_cane":18,"minecraft:oak_planks":24,"minecraft:stick":5,"minecraft:torch":3,"minecraft:jungle_planks":1,"minecraft:spruce_sapling":6,"minecraft:ink_sac":2,"minecraft:blast_furnace":1,"minecraft:spruce_log":25,"minecraft:light_blue_bed":1,"alexsmobs:animal_dictionary":2,"minecraft:spruce_fence_gate":2,"minecraft:arrow":1,"biomesoplenty:jacaranda_log":2,"minecraft:hay_block":12,"minecraft:emerald":2,"minecraft:bread":1,"minecraft:coal":15,"minecraft:cobblestone":31},"minecraft:crafted":{"minecraft:oak_planks":40,"minecraft:crafting_table":2,"minecraft:wooden_pickaxe":1,"minecraft:bread":18,"minecraft:jungle_planks":16,"minecraft:stick":4,"minecraft:stone_pickaxe":1,"minecraft:stone_sword":1,"minecraft:torch":4,"minecraft:wheat":54},"minecraft:custom":{"minecraft:mob_kills":5,"minecraft:interact_with_crafting_table":4,"minecraft:leave_game":1,"minecraft:time_since_death":1842,"minecraft:sleep_in_bed":2,"minecraft:climb_one_cm":171,"minecraft:time_since_rest":1872,"minecraft:sprint_one_cm":58357,"minecraft:damage_taken":1095,"minecraft:walk_one_cm":86681,"minecraft:drop":2,"minecraft:damage_dealt":1389,"minecraft:swim_one_cm":5386,"minecraft:fly_one_cm":74756,"minecraft:open_chest":14,"minecraft:crouch_one_cm":554,"minecraft:play_time":41713,"minecraft:deaths":4,"minecraft:sneak_time":1042,"minecraft:walk_under_water_one_cm":5462,"minecraft:jump":402,"minecraft:interact_with_blast_furnace":1,"minecraft:walk_on_water_one_cm":8203,"minecraft:total_world_time":41713,"minecraft:fall_one_cm":7789},"minecraft:mined":{"minecraft:light_blue_stained_glass_pane":2,"minecraft:jungle_leaves":2,"minecraft:torch":2,"minecraft:blast_furnace":1,"minecraft:grass_block":1,"minecraft:jungle_planks":1,"minecraft:jungle_log":4,"minecraft:white_stained_glass_pane":1,"biomesoplenty:sprout":2,"minecraft:sugar_cane":4,"minecraft:nether_wart":4,"minecraft:wall_torch":1,"minecraft:hay_block":6,"minecraft:oak_trapdoor":1,"minecraft:light_blue_bed":1,"minecraft:green_stained_glass":1,"minecraft:grass":3,"minecraft:oak_log":10,"minecraft:coal_ore":8,"minecraft:dirt":1,"minecraft:spruce_fence_gate":1,"minecraft:stone":18,"minecraft:deepslate":1,"minecraft:fern":3},"minecraft:killed_by":{"minecraft:player":1,"minecraft:skeleton":2},"minecraft:used":{"minecraft:oak_trapdoor":1,"minecraft:stone_pickaxe":31,"minecraft:wooden_pickaxe":3,"minecraft:torch":5,"minecraft:crafting_table":2,"minecraft:jungle_planks":16,"minecraft:grass_block":3,"minecraft:bread":3,"minecraft:light_blue_bed":1},"minecraft:killed":{"minecraft:skeleton":1,"minecraft:zombie":4}},"DataVersion":3465}