{"stats":{"minecraft:custom":{"minecraft:interact_with_anvil":2,"minecraft:mob_kills":75,"minecraft:interact_with_crafting_table":51,"minecraft:open_barrel":4,"minecraft:leave_game":3,"minecraft:time_since_death":29319,"minecraft:climb_one_cm":5182,"minecraft:sprint_one_cm":468179,"minecraft:walk_one_cm":472017,"minecraft:damage_blocked_by_shield":1320,"minecraft:drop":88,"minecraft:talked_to_villager":1,"minecraft:play_time":184970,"minecraft:deaths":9,"minecraft:sneak_time":1715,"minecraft:walk_under_water_one_cm":24464,"minecraft:boat_one_cm":611669,"minecraft:jump":3168,"minecraft:walk_on_water_one_cm":42058,"minecraft:total_world_time":184970,"minecraft:interact_with_furnace":18,"minecraft:sleep_in_bed":9,"minecraft:time_since_rest":26231,"minecraft:damage_taken":5313,"minecraft:damage_dealt":12829,"minecraft:swim_one_cm":2767,"minecraft:fly_one_cm":771446,"minecraft:open_chest":79,"minecraft:crouch_one_cm":3361,"minecraft:fall_one_cm":77281},"minecraft:killed_by":{"minecraft:spider":1,"minecraft:enderman":1,"creeperoverhaul:cave_creeper":1,"alexsmobs:centipede_head":4,"minecraft:skeleton":1,"minecraft:zombie":1},"minecraft:picked_up":{"minecraft:crafting_table":3,"minecraft:iron_chestplate":9,"minecraft:anvil":1,"aether:iron_gloves":6,"minecraft:gold_block":4,"minecraft:enchanted_book":28,"distorted_discs:ow_18":2,"travelersbackpack:spider":4,"minecraft:shield":6,"minecraft:string":7,"minecraft:red_bed":5,"minecraft:moss_carpet":9,"minecraft:iron_leggings":3,"biomesoplenty:tall_lavender":1,"minecraft:cobbled_deepslate":19,"minecraft:gold_nugget":5,"minecraft:beef":21,"minecraft:oak_boat":1,"minecraft:poppy":1,"minecraft:iron_pickaxe":8,"minecraft:chest":1,"farmersdelight:cabbage_seeds":2,"minecraft:furnace":6,"minecraft:jukebox":1,"minecraft:stick":3,"minecraft:raw_iron":109,"minecraft:torch":104,"minecraft:redstone":7,"minecraft:dark_oak_planks":6,"minecraft:stone_sword":1,"minecraft:arrow":3,"minecraft:rotten_flesh":31,"biomesoplenty:jacaranda_log":11,"minecraft:light_blue_wool":2,"minecraft:beetroot_seeds":3,"alexsmobs:flying_fish_boots":5,"minecraft:hay_block":10,"minecraft:glow_berries":2,"minecraft:cobblestone":289,"alexsmobs:flying_fish":18,"minecraft:obsidian":83,"minecraft:mutton":4,"minecraft:iron_bars":2,"alexsmobs:kangaroo_meat":3,"minecraft:white_wool":3,"minecraft:birch_log":26,"minecraft:lilac":1,"minecraft:water_bucket":10,"minecraft:leather":16,"minecraft:potato":209,"minecraft:birch_planks":400,"fishofthieves:grubs":8,"minecraft:oak_log":44,"minecraft:lily_pad":1,"minecraft:magenta_bed":1,"minecraft:gunpowder":5,"minecraft:cobblestone_stairs":2,"minecraft:dirt":10,"minecraft:name_tag":2,"minecraft:bone":82,"minecraft:apple":417,"minecraft:stone_bricks":2,"minecraft:bow":8,"minecraft:wheat_seeds":7,"alexsmobs:cockroach_wing_fragment":1,"minecraft:iron_ingot":40,"minecraft:oak_planks":295,"minecraft:iron_sword":6,"minecraft:book":86,"minecraft:scaffolding":2,"minecraft:birch_boat":1,"minecraft:music_disc_13":1,"minecraft:dandelion":1,"minecraft:gravel":4,"minecraft:sand":43,"minecraft:cyan_bed":2,"minecraft:dark_oak_log":5,"alexsmobs:animal_dictionary":1,"minecraft:spider_eye":6,"minecraft:mossy_cobblestone":3,"minecraft:diamond":27,"minecraft:stone_axe":4,"minecraft:iron_helmet":3,"minecraft:emerald":5,"minecraft:bread":325,"minecraft:oak_sapling":1,"minecraft:coal":24},"minecraft:mined":{"minecraft:light_blue_wool":2,"minecraft:mossy_cobblestone":3,"minecraft:deepslate_diamond_ore":18,"minecraft:cobblestone_stairs":2,"minecraft:dark_oak_log":5,"minecraft:cobbled_deepslate_slab":1,"minecraft:grass_block":4,"minecraft:moss_block":2,"minecraft:large_fern":1,"minecraft:hay_block":10,"biomesoplenty:jacaranda_log":6,"biomesoplenty:tall_lavender":1,"minecraft:furnace":3,"minecraft:iron_ore":22,"biomesoplenty:lavender":1,"minecraft:anvil":1,"minecraft:gold_block":1,"minecraft:vine":1,"minecraft:deepslate_iron_ore":20,"minecraft:bookshelf":14,"minecraft:red_tulip":1,"minecraft:dirt_path":1,"minecraft:iron_bars":2,"biomesoplenty:barley":13,"minecraft:stone":115,"travelersbackpack:spider":4,"minecraft:deepslate_redstone_ore":1,"minecraft:scaffolding":1,"minecraft:red_bed":1,"minecraft:dandelion":2,"minecraft:crafting_table":3,"minecraft:emerald_ore":1,"minecraft:chest":1,"minecraft:tall_grass":13,"minecraft:cobblestone":32,"minecraft:cyan_bed":2,"minecraft:oak_planks":1,"minecraft:wall_torch":1,"farmersdelight:wild_beetroots":2,"biomesoplenty:yellow_autumn_leaves":3,"minecraft:birch_log":26,"minecraft:magenta_bed":1,"minecraft:lilac":1,"minecraft:jukebox":1,"minecraft:grass":33,"minecraft:coal_ore":26,"minecraft:oak_log":44,"minecraft:gravel":1,"minecraft:sand":42,"minecraft:dirt":3,"minecraft:stone_bricks":2,"minecraft:deepslate":16,"minecraft:iron_trapdoor":1},"minecraft:used":{"minecraft:stone_sword":162,"minecraft:chest":1,"minecraft:shield":21,"minecraft:iron_sword":77,"minecraft:iron_chestplate":2,"minecraft:torch":38,"minecraft:anvil":1,"minecraft:wooden_axe":46,"biomesoplenty:tall_lavender":1,"minecraft:iron_boots":1,"biomesoplenty:jacaranda_log":1,"minecraft:stone_bricks":2,"minecraft:bow":3,"minecraft:dark_oak_boat":1,"minecraft:scaffolding":1,"minecraft:furnace":4,"minecraft:cobbled_deepslate":1,"minecraft:water_bucket":11,"minecraft:stone_pickaxe":38,"minecraft:oak_planks":5,"minecraft:birch_boat":1,"minecraft:wooden_pickaxe":6,"minecraft:crafting_table":16,"minecraft:magenta_bed":1,"simplyswords:diamond_claymore":54,"minecraft:diamond_pickaxe":55,"minecraft:apple":3,"minecraft:bread":64,"minecraft:cyan_bed":2,"minecraft:iron_pickaxe":178,"minecraft:gravel":1,"minecraft:stone_axe":43,"minecraft:cobblestone":48,"minecraft:bucket":11,"minecraft:oak_boat":5,"minecraft:jukebox":1,"minecraft:experience_bottle":1},"minecraft:dropped":{"minecraft:wheat_seeds":2,"minecraft:lilac":1,"minecraft:mossy_cobblestone":3,"alexsmobs:kangaroo_meat":1,"minecraft:cobblestone":5,"minecraft:leather":8,"minecraft:apple":1,"biomesoplenty:jacaranda_log":5,"minecraft:stick":5,"minecraft:cobblestone_stairs":2,"minecraft:dirt":6,"minecraft:gray_wool":1,"minecraft:sand":1,"minecraft:iron_pickaxe":1,"minecraft:dark_oak_planks":2,"minecraft:redstone":6,"minecraft:lily_pad":1,"fishofthieves:grubs":8,"minecraft:bone":2,"minecraft:gravel":3,"minecraft:moss_carpet":9,"minecraft:iron_nugget":5,"minecraft:stone_sword":1,"minecraft:cobbled_deepslate":6,"minecraft:rotten_flesh":5,"minecraft:light_gray_wool":1,"minecraft:oak_planks":1,"aether:iron_gloves":1,"minecraft:iron_chestplate":2,"minecraft:beetroot_seeds":1,"minecraft:birch_boat":1,"minecraft:stone_pickaxe":1,"minecraft:wooden_pickaxe":1,"minecraft:beef":4,"minecraft:scaffolding":1},"minecraft:crafted":{"minecraft:oak_planks":176,"minecraft:iron_nugget":9,"minecraft:dark_oak_boat":1,"minecraft:birch_boat":1,"minecraft:furnace":2,"minecraft:glass":12,"minecraft:bow":1,"minecraft:iron_boots":1,"travelersbackpack:gray_sleeping_bag":1,"travelersbackpack:light_gray_sleeping_bag":1,"minecraft:stone_pickaxe":2,"minecraft:chest":1,"minecraft:dark_oak_planks":20,"alexsmobs:flying_fish_boots":1,"travelersbackpack:spider":1,"minecraft:wheat":90,"minecraft:crafting_table":14,"travelersbackpack:backpack_tank":2,"minecraft:wooden_pickaxe":2,"travelersbackpack:standard":1,"minecraft:iron_sword":1,"minecraft:birch_planks":104,"minecraft:stone_axe":1,"minecraft:bread":30,"minecraft:air":0,"minecraft:oak_boat":4,"minecraft:diamond_pickaxe":1,"minecraft:shield":1,"minecraft:stick":40,"minecraft:iron_ingot":42,"minecraft:iron_pickaxe":1,"minecraft:wooden_axe":1,"minecraft:iron_block":3,"minecraft:stone_sword":1,"minecraft:iron_leggings":1,"minecraft:gold_ingot":1,"minecraft:anvil":1,"simplyswords:diamond_sai":1,"minecraft:torch":48,"simplyswords:diamond_claymore":1,"travelersbackpack:light_blue_sleeping_bag":1,"minecraft:diamond_chestplate":1},"minecraft:killed":{"minecraft:witch":2,"minecraft:spider":8,"minecraft:skeleton":8,"alexsmobs:centipede_head":1,"alexsmobs:flying_fish":4,"minecraft:zombie_villager":1,"minecraft:iron_golem":1,"minecraft:creeper":2,"minecraft:sheep":3,"alexsmobs:cockroach":1,"minecraft:zombie":31,"minecraft:cow":13}},"DataVersion":3465}