{"stats":{"minecraft:mined":{"minecraft:grass":2,"minecraft:oak_log":9,"biomesoplenty:jacaranda_log":6,"biomesoplenty:tall_lavender":1,"biomesoplenty:lavender":1},"minecraft:picked_up":{"biomesoplenty:tall_lavender":1,"biomesoplenty:jacaranda_log":6,"minecraft:oak_log":9},"minecraft:used":{"minecraft:wooden_axe":15,"minecraft:crafting_table":1,"biomesoplenty:tall_lavender":1},"minecraft:crafted":{"minecraft:oak_planks":12,"minecraft:crafting_table":1,"minecraft:stick":4,"minecraft:wooden_pickaxe":1,"minecraft:wooden_axe":1},"minecraft:custom":{"minecraft:time_since_rest":5556,"minecraft:play_time":5556,"minecraft:sprint_one_cm":7003,"minecraft:walk_one_cm":2070,"minecraft:jump":28,"minecraft:time_since_death":5556,"minecraft:total_world_time":5556,"minecraft:interact_with_crafting_table":1,"minecraft:fall_one_cm":627,"minecraft:fly_one_cm":7756}},"DataVersion":3465}