{"stats":{"minecraft:broken":{"minecraft:stone_pickaxe":1},"minecraft:dropped":{"minecraft:bread":3,"minecraft:glass_bottle":6,"minecraft:crafting_table":1,"alexscaves:curly_fern":1,"minecraft:dirt":1,"farmersdelight:golden_knife":1,"minecraft:ink_sac":3,"minecraft:spruce_sapling":18,"minecraft:redstone":65,"minecraft:gravel":2,"minecraft:stone_axe":1,"minecraft:cobbled_deepslate":256,"minecraft:rotten_flesh":7,"minecraft:potato":12,"fishofthieves:earthworms":1,"minecraft:spruce_planks":2,"minecraft:stone_pickaxe":3,"minecraft:wooden_pickaxe":1},"minecraft:picked_up":{"minecraft:cocoa_beans":3,"minecraft:crafting_table":3,"minecraft:nether_wart":77,"minecraft:anvil":1,"minecraft:wooden_pickaxe":2,"minecraft:potion":1,"minecraft:oak_trapdoor":1,"minecraft:string":5,"minecraft:cobbled_deepslate":1088,"minecraft:spruce_planks":1,"minecraft:jungle_sapling":2,"minecraft:sugar_cane":45,"farmersdelight:golden_knife":3,"minecraft:stick":33,"minecraft:raw_iron":16,"minecraft:torch":35,"minecraft:carrot":1,"minecraft:redstone":70,"minecraft:light_blue_bed":1,"minecraft:stone_sword":4,"minecraft:arrow":1,"minecraft:rotten_flesh":11,"biomesoplenty:jacaranda_log":2,"minecraft:hay_block":22,"minecraft:obsidian":4,"minecraft:cobblestone":364,"minecraft:birch_log":2,"minecraft:jungle_log":4,"minecraft:potato":106,"minecraft:birch_planks":1,"alexscaves:limestone":349,"minecraft:tuff":80,"minecraft:oak_log":10,"biomesoplenty:jacaranda_planks":12,"minecraft:dirt":17,"minecraft:bone":2,"minecraft:wheat_seeds":3,"minecraft:raw_gold":16,"minecraft:stone_pickaxe":9,"fishofthieves:earthworms":1,"alexscaves:curly_fern":4,"minecraft:cyan_candle":3,"minecraft:glass_bottle":3,"minecraft:oak_planks":96,"minecraft:cooked_porkchop":4,"minecraft:gravel":2,"minecraft:jungle_planks":5,"minecraft:sand":3,"minecraft:spruce_sapling":60,"minecraft:blast_furnace":2,"minecraft:ink_sac":5,"minecraft:spruce_log":173,"alexsmobs:animal_dictionary":2,"minecraft:mossy_cobblestone":3,"biomesoplenty:mahogany_log":6,"minecraft:spruce_fence_gate":5,"distorted_discs:nether_02":4,"minecraft:diamond":30,"minecraft:stone_axe":1,"minecraft:bread":91,"minecraft:emerald":15,"minecraft:terracotta":2,"minecraft:coal":67},"minecraft:crafted":{"minecraft:oak_planks":40,"minecraft:furnace":1,"minecraft:glass":3,"minecraft:diamond_leggings":1,"minecraft:stone_pickaxe":3,"minecraft:chest":1,"minecraft:diamond_boots":1,"minecraft:wheat":54,"minecraft:glass_bottle":3,"minecraft:diamond_sword":1,"biomesoplenty:jacaranda_planks":8,"minecraft:crafting_table":11,"minecraft:spruce_planks":20,"minecraft:wooden_pickaxe":1,"minecraft:bucket":1,"minecraft:bread":18,"minecraft:air":0,"minecraft:jungle_planks":16,"minecraft:diamond_pickaxe":1,"minecraft:shield":1,"minecraft:stick":4,"minecraft:iron_ingot":7,"minecraft:iron_pickaxe":1,"minecraft:stone_sword":1,"minecraft:torch":4,"minecraft:diamond_chestplate":1},"minecraft:custom":{"minecraft:mob_kills":17,"minecraft:interact_with_crafting_table":16,"minecraft:leave_game":1,"minecraft:time_since_death":96320,"minecraft:climb_one_cm":232,"minecraft:sprint_one_cm":215238,"minecraft:walk_one_cm":342525,"minecraft:damage_blocked_by_shield":15,"minecraft:drop":41,"minecraft:play_time":161713,"minecraft:deaths":7,"minecraft:sneak_time":12241,"minecraft:walk_under_water_one_cm":15684,"minecraft:jump":1508,"minecraft:interact_with_blast_furnace":5,"minecraft:walk_on_water_one_cm":62646,"minecraft:total_world_time":161713,"minecraft:interact_with_furnace":2,"minecraft:play_record":3,"minecraft:sleep_in_bed":2,"minecraft:time_since_rest":96348,"minecraft:damage_taken":2425,"minecraft:damage_dealt":3803,"minecraft:swim_one_cm":8323,"minecraft:fly_one_cm":169100,"minecraft:player_kills":1,"minecraft:open_chest":22,"minecraft:crouch_one_cm":27864,"minecraft:fall_one_cm":28361},"minecraft:mined":{"minecraft:light_blue_stained_glass_pane":3,"minecraft:tuff":88,"minecraft:spruce_planks":1,"minecraft:mossy_cobblestone":3,"minecraft:deepslate_diamond_ore":30,"minecraft:jungle_leaves":2,"alexscaves:limestone":99,"minecraft:obsidian":4,"minecraft:grass_block":4,"minecraft:jungle_planks":1,"minecraft:jungle_log":4,"minecraft:nether_wart":7,"minecraft:large_fern":2,"minecraft:hay_block":11,"minecraft:oak_trapdoor":1,"minecraft:iron_ore":7,"minecraft:cobbled_deepslate":22,"minecraft:anvil":1,"minecraft:peony":1,"minecraft:green_stained_glass":2,"minecraft:deepslate_iron_ore":9,"biomesoplenty:webbing":10,"alexscaves:curly_fern":1,"minecraft:stone":185,"minecraft:deepslate_redstone_ore":15,"minecraft:crafting_table":2,"minecraft:torch":5,"minecraft:blast_furnace":3,"minecraft:white_stained_glass_pane":2,"minecraft:cobblestone":11,"biomesoplenty:sprout":2,"minecraft:deepslate_gold_ore":16,"minecraft:sugar_cane":4,"minecraft:wall_torch":8,"minecraft:light_blue_bed":1,"biomesoplenty:maple_leaves":1,"minecraft:grass":3,"minecraft:coal_ore":33,"minecraft:oak_log":10,"minecraft:gravel":2,"minecraft:dirt":2,"minecraft:sand":6,"biomesoplenty:stringy_cobweb":1,"minecraft:terracotta":2,"minecraft:spruce_fence_gate":1,"minecraft:fern":5,"minecraft:deepslate":1067},"minecraft:killed_by":{"minecraft:player":1,"minecraft:skeleton":2},"minecraft:used":{"minecraft:oak_trapdoor":1,"minecraft:stone_sword":24,"minecraft:chest":1,"minecraft:shield":1,"minecraft:torch":29,"minecraft:jungle_planks":16,"alexscaves:limestone":7,"minecraft:tuff":3,"minecraft:grass_block":3,"minecraft:light_blue_bed":1,"minecraft:furnace":1,"minecraft:cobbled_deepslate":203,"minecraft:water_bucket":55,"minecraft:glass_bottle":31,"minecraft:stone_pickaxe":384,"farmersdelight:golden_knife":10,"minecraft:wooden_pickaxe":5,"minecraft:crafting_table":11,"minecraft:blast_furnace":1,"distorted_discs:nether_02":3,"minecraft:diamond_pickaxe":1072,"minecraft:bread":14,"minecraft:iron_pickaxe":160,"minecraft:diamond_sword":30,"minecraft:potion":31,"minecraft:cobblestone":2,"minecraft:cooked_porkchop":4,"minecraft:bucket":56,"minecraft:air":2,"minecraft:jukebox":1},"minecraft:killed":{"minecraft:cave_spider":1,"minecraft:spider":1,"minecraft:skeleton":1,"minecraft:bat":1,"minecraft:zombie":13}},"DataVersion":3465}