{"stats":{"minecraft:killed_by":{"minecraft:zombie":1},"minecraft:mined":{"minecraft:crafting_table":1,"minecraft:grass_block":1,"minecraft:chest":1,"minecraft:tall_grass":2,"minecraft:cobblestone":7,"minecraft:cyan_bed":2,"minecraft:hay_block":10,"biomesoplenty:jacaranda_log":6,"biomesoplenty:tall_lavender":1,"biomesoplenty:lavender":1,"minecraft:lilac":1,"minecraft:grass":2,"minecraft:bookshelf":14,"minecraft:oak_log":9,"minecraft:dirt_path":1,"minecraft:iron_bars":2,"minecraft:sand":9,"minecraft:stone":3,"minecraft:stone_bricks":2},"minecraft:picked_up":{"minecraft:crafting_table":1,"minecraft:lilac":1,"minecraft:water_bucket":1,"minecraft:leather":6,"minecraft:enchanted_book":10,"fishofthieves:grubs":1,"distorted_discs:ow_18":2,"minecraft:oak_log":9,"minecraft:shield":1,"minecraft:gunpowder":5,"minecraft:dirt":4,"minecraft:name_tag":2,"biomesoplenty:tall_lavender":1,"minecraft:bone":6,"minecraft:apple":55,"minecraft:stone_bricks":2,"minecraft:iron_ingot":14,"minecraft:beef":6,"minecraft:poppy":1,"minecraft:iron_pickaxe":1,"minecraft:chest":1,"minecraft:oak_planks":10,"farmersdelight:cabbage_seeds":2,"minecraft:book":86,"minecraft:music_disc_13":1,"minecraft:sand":9,"minecraft:cyan_bed":2,"minecraft:redstone":1,"alexsmobs:animal_dictionary":1,"minecraft:stone_sword":1,"minecraft:rotten_flesh":10,"biomesoplenty:jacaranda_log":11,"minecraft:beetroot_seeds":2,"minecraft:hay_block":10,"minecraft:bread":63,"minecraft:oak_sapling":1,"minecraft:iron_bars":2,"minecraft:cobblestone":12},"minecraft:killed":{"minecraft:iron_golem":1,"minecraft:zombie":7,"minecraft:cow":4},"minecraft:dropped":{"minecraft:lilac":1},"minecraft:used":{"minecraft:stone_sword":46,"minecraft:wooden_pickaxe":3,"minecraft:chest":1,"minecraft:shield":6,"minecraft:crafting_table":3,"minecraft:wooden_axe":46,"minecraft:apple":2,"minecraft:cyan_bed":2,"minecraft:bread":9,"biomesoplenty:tall_lavender":1,"minecraft:iron_pickaxe":14,"biomesoplenty:jacaranda_log":1,"minecraft:stone_bricks":2,"minecraft:cobblestone":3},"minecraft:crafted":{"minecraft:oak_planks":36,"minecraft:crafting_table":2,"minecraft:wooden_pickaxe":1,"minecraft:bread":30,"minecraft:shield":1,"minecraft:stick":12,"minecraft:iron_pickaxe":1,"minecraft:stone_pickaxe":1,"minecraft:wooden_axe":1,"minecraft:stone_sword":1,"minecraft:wheat":90},"minecraft:custom":{"minecraft:mob_kills":12,"minecraft:interact_with_crafting_table":7,"minecraft:open_barrel":4,"minecraft:leave_game":1,"minecraft:time_since_death":2786,"minecraft:sleep_in_bed":2,"minecraft:climb_one_cm":1532,"minecraft:time_since_rest":2817,"minecraft:sprint_one_cm":67152,"minecraft:damage_taken":845,"minecraft:walk_one_cm":93705,"minecraft:damage_blocked_by_shield":360,"minecraft:drop":1,"minecraft:damage_dealt":2732,"minecraft:talked_to_villager":1,"minecraft:fly_one_cm":90088,"minecraft:open_chest":27,"minecraft:crouch_one_cm":326,"minecraft:play_time":29338,"minecraft:deaths":1,"minecraft:sneak_time":96,"minecraft:walk_under_water_one_cm":858,"minecraft:jump":362,"minecraft:walk_on_water_one_cm":2072,"minecraft:total_world_time":29338,"minecraft:fall_one_cm":8837}},"DataVersion":3465}