{"stats":{"minecraft:dropped":{"minecraft:bread":3,"minecraft:potato":12,"minecraft:stone_pickaxe":1,"minecraft:wooden_pickaxe":1},"minecraft:picked_up":{"minecraft:cocoa_beans":3,"minecraft:crafting_table":1,"minecraft:nether_wart":58,"minecraft:jungle_log":4,"minecraft:wooden_pickaxe":1,"minecraft:potato":87,"alexscaves:limestone":257,"minecraft:oak_log":10,"biomesoplenty:jacaranda_planks":8,"minecraft:dirt":11,"minecraft:oak_trapdoor":1,"minecraft:bone":2,"minecraft:wheat_seeds":2,"minecraft:cobbled_deepslate":3,"minecraft:stone_pickaxe":5,"minecraft:jungle_sapling":1,"alexscaves:curly_fern":3,"minecraft:sugar_cane":36,"farmersdelight:golden_knife":2,"minecraft:oak_planks":72,"minecraft:stick":19,"minecraft:torch":5,"minecraft:sand":3,"minecraft:jungle_planks":5,"minecraft:spruce_sapling":42,"minecraft:ink_sac":2,"minecraft:blast_furnace":1,"minecraft:spruce_log":119,"minecraft:light_blue_bed":1,"alexsmobs:animal_dictionary":2,"biomesoplenty:mahogany_log":3,"minecraft:stone_sword":2,"minecraft:spruce_fence_gate":4,"minecraft:arrow":1,"distorted_discs:nether_02":4,"biomesoplenty:jacaranda_log":2,"minecraft:hay_block":17,"minecraft:emerald":8,"minecraft:bread":50,"minecraft:coal":34,"minecraft:cobblestone":160},"minecraft:crafted":{"minecraft:glass_bottle":3,"minecraft:oak_planks":40,"biomesoplenty:jacaranda_planks":8,"minecraft:crafting_table":4,"minecraft:wooden_pickaxe":1,"minecraft:furnace":1,"minecraft:bread":18,"minecraft:air":0,"minecraft:jungle_planks":16,"minecraft:glass":3,"minecraft:stick":4,"minecraft:stone_pickaxe":3,"minecraft:stone_sword":1,"minecraft:torch":4,"minecraft:wheat":54},"minecraft:custom":{"minecraft:interact_with_furnace":2,"minecraft:mob_kills":5,"minecraft:play_record":3,"minecraft:interact_with_crafting_table":7,"minecraft:leave_game":1,"minecraft:time_since_death":320,"minecraft:sleep_in_bed":2,"minecraft:climb_one_cm":232,"minecraft:time_since_rest":348,"minecraft:sprint_one_cm":88404,"minecraft:damage_taken":2015,"minecraft:walk_one_cm":133364,"minecraft:drop":17,"minecraft:damage_dealt":1523,"minecraft:swim_one_cm":5397,"minecraft:fly_one_cm":100209,"minecraft:open_chest":16,"minecraft:crouch_one_cm":554,"minecraft:play_time":65713,"minecraft:deaths":7,"minecraft:sneak_time":1090,"minecraft:walk_under_water_one_cm":7768,"minecraft:jump":690,"minecraft:interact_with_blast_furnace":1,"minecraft:walk_on_water_one_cm":10801,"minecraft:total_world_time":65713,"minecraft:fall_one_cm":13839},"minecraft:mined":{"minecraft:light_blue_stained_glass_pane":3,"minecraft:jungle_leaves":2,"alexscaves:limestone":99,"minecraft:torch":2,"minecraft:blast_furnace":1,"minecraft:grass_block":2,"minecraft:jungle_planks":1,"minecraft:jungle_log":4,"minecraft:white_stained_glass_pane":2,"biomesoplenty:sprout":2,"minecraft:sugar_cane":4,"minecraft:nether_wart":7,"minecraft:wall_torch":1,"minecraft:large_fern":2,"minecraft:hay_block":11,"minecraft:oak_trapdoor":1,"minecraft:light_blue_bed":1,"minecraft:peony":1,"minecraft:green_stained_glass":2,"minecraft:grass":3,"minecraft:oak_log":10,"minecraft:coal_ore":13,"minecraft:sand":6,"minecraft:dirt":1,"alexscaves:curly_fern":1,"minecraft:spruce_fence_gate":1,"minecraft:stone":59,"minecraft:deepslate":1,"minecraft:fern":5},"minecraft:killed_by":{"minecraft:player":1,"minecraft:skeleton":2},"minecraft:used":{"minecraft:oak_trapdoor":1,"minecraft:stone_sword":8,"minecraft:glass_bottle":12,"minecraft:stone_pickaxe":184,"farmersdelight:golden_knife":10,"minecraft:wooden_pickaxe":5,"minecraft:torch":5,"minecraft:crafting_table":4,"minecraft:jungle_planks":16,"alexscaves:limestone":7,"distorted_discs:nether_02":3,"minecraft:grass_block":3,"minecraft:bread":8,"minecraft:light_blue_bed":1,"minecraft:cobblestone":2,"minecraft:potion":11,"minecraft:furnace":1,"minecraft:air":2,"minecraft:jukebox":1},"minecraft:killed":{"minecraft:skeleton":1,"minecraft:zombie":4}},"DataVersion":3465}