{"stats":{"minecraft:mined":{"minecraft:hay_block":7,"biomesoplenty:jacaranda_log":6,"biomesoplenty:tall_lavender":1,"minecraft:lilac":1,"biomesoplenty:lavender":1,"minecraft:crafting_table":1,"minecraft:grass":2,"minecraft:bookshelf":14,"minecraft:oak_log":9,"minecraft:chest":1,"minecraft:tall_grass":1,"minecraft:cyan_bed":2,"minecraft:stone":3},"minecraft:picked_up":{"minecraft:book":42,"minecraft:crafting_table":1,"minecraft:lilac":1,"minecraft:music_disc_13":1,"minecraft:leather":3,"distorted_discs:ow_18":1,"minecraft:oak_log":9,"minecraft:gunpowder":5,"minecraft:cyan_bed":2,"minecraft:redstone":1,"minecraft:name_tag":1,"biomesoplenty:tall_lavender":1,"minecraft:bone":3,"minecraft:rotten_flesh":3,"biomesoplenty:jacaranda_log":6,"minecraft:beetroot_seeds":2,"minecraft:hay_block":7,"minecraft:beef":6,"minecraft:iron_ingot":4,"minecraft:oak_sapling":1,"minecraft:chest":1,"farmersdelight:cabbage_seeds":2,"minecraft:cobblestone":3},"minecraft:killed":{"minecraft:cow":4},"minecraft:dropped":{"minecraft:lilac":1},"minecraft:used":{"minecraft:wooden_axe":46,"minecraft:apple":2,"minecraft:bread":1,"minecraft:cyan_bed":1,"biomesoplenty:tall_lavender":1,"minecraft:chest":1,"minecraft:wooden_pickaxe":3,"minecraft:crafting_table":1},"minecraft:crafted":{"minecraft:oak_planks":36,"minecraft:crafting_table":1,"minecraft:stick":8,"minecraft:wooden_pickaxe":1,"minecraft:iron_pickaxe":1,"minecraft:stone_pickaxe":1,"minecraft:wooden_axe":1},"minecraft:custom":{"minecraft:time_since_rest":8853,"minecraft:damage_taken":135,"minecraft:sprint_one_cm":46731,"minecraft:walk_one_cm":40357,"minecraft:mob_kills":4,"minecraft:drop":1,"minecraft:damage_dealt":400,"minecraft:interact_with_crafting_table":3,"minecraft:fly_one_cm":72653,"minecraft:open_barrel":2,"minecraft:open_chest":16,"minecraft:crouch_one_cm":113,"minecraft:play_time":17338,"minecraft:sneak_time":11,"minecraft:jump":248,"minecraft:leave_game":1,"minecraft:time_since_death":17338,"minecraft:sleep_in_bed":1,"minecraft:total_world_time":17338,"minecraft:fall_one_cm":5208}},"DataVersion":3465}