{"stats":{"minecraft:custom":{"minecraft:mob_kills":49,"minecraft:interact_with_crafting_table":32,"minecraft:open_barrel":4,"minecraft:leave_game":3,"minecraft:time_since_death":851,"minecraft:climb_one_cm":2211,"minecraft:sprint_one_cm":330416,"minecraft:walk_one_cm":303402,"minecraft:damage_blocked_by_shield":1125,"minecraft:drop":61,"minecraft:talked_to_villager":1,"minecraft:play_time":106970,"minecraft:deaths":3,"minecraft:sneak_time":1209,"minecraft:walk_under_water_one_cm":14982,"minecraft:boat_one_cm":68038,"minecraft:jump":1974,"minecraft:walk_on_water_one_cm":27434,"minecraft:total_world_time":106970,"minecraft:interact_with_furnace":4,"minecraft:sleep_in_bed":5,"minecraft:time_since_rest":910,"minecraft:damage_taken":2556,"minecraft:damage_dealt":8164,"minecraft:swim_one_cm":2767,"minecraft:fly_one_cm":577101,"minecraft:open_chest":55,"minecraft:crouch_one_cm":1024,"minecraft:fall_one_cm":49053},"minecraft:killed_by":{"minecraft:spider":1,"creeperoverhaul:cave_creeper":1,"minecraft:zombie":1},"minecraft:picked_up":{"minecraft:crafting_table":3,"minecraft:iron_chestplate":1,"aether:iron_gloves":1,"minecraft:gold_block":1,"minecraft:enchanted_book":19,"distorted_discs:ow_18":2,"travelersbackpack:spider":1,"minecraft:shield":2,"minecraft:string":7,"minecraft:red_bed":1,"minecraft:moss_carpet":8,"biomesoplenty:tall_lavender":1,"minecraft:gold_nugget":5,"minecraft:beef":21,"minecraft:poppy":1,"minecraft:iron_pickaxe":3,"minecraft:chest":1,"farmersdelight:cabbage_seeds":2,"minecraft:jukebox":1,"minecraft:stick":3,"minecraft:raw_iron":4,"minecraft:redstone":1,"minecraft:stone_sword":1,"minecraft:arrow":3,"minecraft:rotten_flesh":14,"biomesoplenty:jacaranda_log":11,"minecraft:light_blue_wool":2,"minecraft:beetroot_seeds":2,"minecraft:hay_block":10,"minecraft:cobblestone":41,"alexsmobs:flying_fish":8,"minecraft:obsidian":13,"minecraft:mutton":4,"minecraft:iron_bars":2,"alexsmobs:kangaroo_meat":2,"minecraft:white_wool":3,"minecraft:birch_log":26,"minecraft:lilac":1,"minecraft:water_bucket":2,"minecraft:leather":16,"fishofthieves:grubs":8,"minecraft:oak_log":30,"minecraft:gunpowder":5,"minecraft:cobblestone_stairs":2,"minecraft:dirt":10,"minecraft:name_tag":2,"minecraft:bone":8,"minecraft:apple":110,"minecraft:stone_bricks":2,"minecraft:bow":3,"minecraft:wheat_seeds":7,"minecraft:iron_ingot":17,"minecraft:oak_planks":36,"minecraft:iron_sword":1,"minecraft:book":86,"minecraft:scaffolding":2,"minecraft:music_disc_13":1,"minecraft:dandelion":1,"minecraft:sand":43,"minecraft:cyan_bed":2,"alexsmobs:animal_dictionary":1,"minecraft:spider_eye":5,"minecraft:mossy_cobblestone":3,"minecraft:stone_axe":1,"minecraft:emerald":1,"minecraft:bread":99,"minecraft:oak_sapling":1},"minecraft:mined":{"minecraft:light_blue_wool":2,"minecraft:mossy_cobblestone":3,"minecraft:cobblestone_stairs":2,"minecraft:grass_block":4,"minecraft:large_fern":1,"minecraft:hay_block":10,"biomesoplenty:jacaranda_log":6,"biomesoplenty:tall_lavender":1,"minecraft:iron_ore":2,"biomesoplenty:lavender":1,"minecraft:gold_block":1,"minecraft:bookshelf":14,"minecraft:red_tulip":1,"minecraft:dirt_path":1,"minecraft:iron_bars":2,"biomesoplenty:barley":13,"minecraft:stone":6,"travelersbackpack:spider":1,"minecraft:scaffolding":1,"minecraft:red_bed":1,"minecraft:dandelion":2,"minecraft:crafting_table":3,"minecraft:emerald_ore":1,"minecraft:chest":1,"minecraft:tall_grass":13,"minecraft:cobblestone":29,"minecraft:cyan_bed":2,"minecraft:oak_planks":1,"biomesoplenty:yellow_autumn_leaves":3,"minecraft:birch_log":26,"minecraft:lilac":1,"minecraft:jukebox":1,"minecraft:grass":33,"minecraft:oak_log":30,"minecraft:sand":42,"minecraft:dirt":3,"minecraft:stone_bricks":2,"minecraft:iron_trapdoor":1},"minecraft:used":{"minecraft:stone_sword":162,"minecraft:chest":1,"minecraft:shield":18,"minecraft:iron_sword":55,"minecraft:iron_chestplate":1,"minecraft:wooden_axe":46,"biomesoplenty:tall_lavender":1,"biomesoplenty:jacaranda_log":1,"minecraft:stone_bricks":2,"minecraft:bow":3,"minecraft:scaffolding":1,"minecraft:furnace":1,"minecraft:oak_planks":5,"minecraft:wooden_pickaxe":3,"minecraft:crafting_table":9,"minecraft:apple":2,"minecraft:bread":42,"minecraft:cyan_bed":2,"minecraft:iron_pickaxe":54,"minecraft:stone_axe":43,"minecraft:cobblestone":16,"minecraft:oak_boat":2,"minecraft:jukebox":1,"minecraft:experience_bottle":1},"minecraft:dropped":{"minecraft:wheat_seeds":2,"minecraft:lilac":1,"minecraft:mossy_cobblestone":3,"minecraft:cobblestone":5,"minecraft:leather":8,"biomesoplenty:jacaranda_log":5,"minecraft:stick":5,"minecraft:cobblestone_stairs":2,"minecraft:dirt":6,"minecraft:gray_wool":1,"minecraft:sand":1,"minecraft:iron_pickaxe":1,"fishofthieves:grubs":8,"minecraft:bone":2,"minecraft:moss_carpet":8,"minecraft:stone_sword":1,"minecraft:rotten_flesh":4,"minecraft:light_gray_wool":1,"minecraft:beef":4,"minecraft:scaffolding":1},"minecraft:crafted":{"minecraft:oak_planks":100,"minecraft:furnace":1,"minecraft:glass":12,"minecraft:bow":1,"travelersbackpack:gray_sleeping_bag":1,"travelersbackpack:light_gray_sleeping_bag":1,"minecraft:stone_pickaxe":1,"minecraft:chest":1,"alexsmobs:flying_fish_boots":1,"travelersbackpack:spider":1,"minecraft:wheat":90,"minecraft:crafting_table":7,"travelersbackpack:backpack_tank":2,"minecraft:wooden_pickaxe":1,"travelersbackpack:standard":1,"minecraft:iron_sword":1,"minecraft:birch_planks":104,"minecraft:stone_axe":1,"minecraft:bread":30,"minecraft:air":0,"minecraft:oak_boat":2,"minecraft:shield":1,"minecraft:stick":20,"minecraft:iron_pickaxe":1,"minecraft:wooden_axe":1,"minecraft:stone_sword":1,"minecraft:gold_ingot":1,"travelersbackpack:light_blue_sleeping_bag":1},"minecraft:killed":{"minecraft:witch":2,"minecraft:spider":8,"minecraft:skeleton":3,"alexsmobs:flying_fish":4,"minecraft:zombie_villager":1,"minecraft:iron_golem":1,"minecraft:creeper":1,"minecraft:sheep":3,"minecraft:zombie":13,"minecraft:cow":13}},"DataVersion":3465}