{"stats":{"minecraft:killed_by":{"minecraft:zombie":1},"minecraft:mined":{"minecraft:light_blue_wool":2,"minecraft:mossy_cobblestone":3,"minecraft:cobblestone_stairs":2,"minecraft:crafting_table":3,"minecraft:grass_block":4,"minecraft:chest":1,"minecraft:tall_grass":2,"minecraft:cobblestone":29,"minecraft:cyan_bed":2,"minecraft:hay_block":10,"biomesoplenty:jacaranda_log":6,"biomesoplenty:tall_lavender":1,"minecraft:iron_ore":2,"biomesoplenty:lavender":1,"minecraft:lilac":1,"minecraft:jukebox":1,"minecraft:grass":4,"minecraft:bookshelf":14,"minecraft:oak_log":25,"minecraft:dirt_path":1,"minecraft:iron_bars":2,"minecraft:sand":42,"minecraft:dirt":3,"biomesoplenty:barley":13,"minecraft:stone":6,"minecraft:stone_bricks":2},"minecraft:picked_up":{"minecraft:crafting_table":3,"minecraft:lilac":1,"minecraft:water_bucket":1,"minecraft:leather":14,"minecraft:enchanted_book":10,"fishofthieves:grubs":8,"distorted_discs:ow_18":2,"minecraft:oak_log":25,"minecraft:shield":1,"minecraft:gunpowder":5,"minecraft:cobblestone_stairs":2,"minecraft:dirt":10,"minecraft:moss_carpet":8,"minecraft:name_tag":2,"biomesoplenty:tall_lavender":1,"minecraft:bone":8,"minecraft:apple":55,"minecraft:stone_bricks":2,"minecraft:bow":2,"minecraft:wheat_seeds":4,"minecraft:gold_nugget":5,"minecraft:iron_ingot":14,"minecraft:beef":17,"minecraft:poppy":1,"minecraft:iron_pickaxe":1,"minecraft:chest":1,"minecraft:raw_iron":2,"minecraft:oak_planks":10,"farmersdelight:cabbage_seeds":2,"minecraft:book":86,"minecraft:jukebox":1,"minecraft:stick":3,"minecraft:music_disc_13":1,"minecraft:sand":43,"minecraft:light_blue_wool":2,"minecraft:cyan_bed":2,"minecraft:redstone":1,"minecraft:mossy_cobblestone":3,"alexsmobs:animal_dictionary":1,"minecraft:arrow":3,"minecraft:stone_sword":1,"minecraft:rotten_flesh":12,"biomesoplenty:jacaranda_log":11,"minecraft:beetroot_seeds":2,"minecraft:hay_block":10,"minecraft:bread":63,"minecraft:oak_sapling":1,"alexsmobs:flying_fish":4,"minecraft:mutton":4,"minecraft:iron_bars":2,"minecraft:white_wool":3,"minecraft:cobblestone":37},"minecraft:killed":{"minecraft:witch":2,"minecraft:iron_golem":1,"minecraft:skeleton":2,"minecraft:sheep":3,"minecraft:zombie":7,"alexsmobs:flying_fish":4,"minecraft:cow":11},"minecraft:dropped":{"minecraft:moss_carpet":8,"minecraft:wheat_seeds":2,"minecraft:lilac":1,"minecraft:mossy_cobblestone":3,"minecraft:cobblestone":1,"minecraft:rotten_flesh":3,"minecraft:light_gray_wool":1,"minecraft:stick":5,"minecraft:cobblestone_stairs":2,"minecraft:dirt":6,"minecraft:gray_wool":1,"minecraft:sand":1,"fishofthieves:grubs":8,"minecraft:bone":2},"minecraft:used":{"minecraft:stone_sword":106,"minecraft:oak_planks":2,"minecraft:wooden_pickaxe":3,"minecraft:chest":1,"minecraft:shield":13,"minecraft:iron_chestplate":1,"minecraft:crafting_table":7,"minecraft:wooden_axe":46,"minecraft:apple":2,"minecraft:cyan_bed":2,"minecraft:bread":24,"biomesoplenty:tall_lavender":1,"minecraft:iron_pickaxe":51,"biomesoplenty:jacaranda_log":1,"minecraft:stone_bricks":2,"minecraft:stone_axe":14,"minecraft:cobblestone":16,"minecraft:furnace":1,"minecraft:oak_boat":1,"minecraft:experience_bottle":1},"minecraft:crafted":{"minecraft:oak_planks":100,"minecraft:crafting_table":5,"travelersbackpack:backpack_tank":2,"minecraft:wooden_pickaxe":1,"travelersbackpack:standard":1,"minecraft:furnace":1,"minecraft:stone_axe":1,"minecraft:oak_boat":1,"minecraft:bread":30,"minecraft:air":0,"minecraft:glass":12,"minecraft:bow":1,"minecraft:shield":1,"travelersbackpack:gray_sleeping_bag":1,"minecraft:stick":16,"travelersbackpack:light_gray_sleeping_bag":1,"minecraft:iron_pickaxe":1,"minecraft:stone_pickaxe":1,"minecraft:wooden_axe":1,"minecraft:stone_sword":1,"minecraft:chest":1,"minecraft:gold_ingot":1,"travelersbackpack:light_blue_sleeping_bag":1,"minecraft:wheat":90},"minecraft:custom":{"minecraft:interact_with_furnace":4,"minecraft:mob_kills":30,"minecraft:interact_with_crafting_table":25,"minecraft:open_barrel":4,"minecraft:leave_game":1,"minecraft:time_since_death":38786,"minecraft:sleep_in_bed":2,"minecraft:climb_one_cm":2211,"minecraft:time_since_rest":38817,"minecraft:sprint_one_cm":182022,"minecraft:damage_taken":1361,"minecraft:walk_one_cm":190436,"minecraft:damage_blocked_by_shield":795,"minecraft:drop":36,"minecraft:damage_dealt":4914,"minecraft:swim_one_cm":2767,"minecraft:talked_to_villager":1,"minecraft:fly_one_cm":276642,"minecraft:open_chest":48,"minecraft:crouch_one_cm":703,"minecraft:play_time":65338,"minecraft:deaths":1,"minecraft:sneak_time":399,"minecraft:walk_under_water_one_cm":8677,"minecraft:boat_one_cm":40541,"minecraft:jump":1104,"minecraft:walk_on_water_one_cm":7014,"minecraft:total_world_time":65338,"minecraft:fall_one_cm":27040}},"DataVersion":3465}