{"stats":{"minecraft:broken":{"minecraft:stone_pickaxe":1},"minecraft:dropped":{"minecraft:bread":3,"alexscaves:curly_fern":1,"minecraft:dirt":1,"minecraft:potato":12,"fishofthieves:earthworms":1,"minecraft:stone_pickaxe":3,"minecraft:wooden_pickaxe":1},"minecraft:picked_up":{"minecraft:cocoa_beans":3,"minecraft:crafting_table":1,"minecraft:nether_wart":77,"minecraft:anvil":1,"minecraft:jungle_log":4,"minecraft:wooden_pickaxe":1,"minecraft:potato":106,"minecraft:potion":1,"alexscaves:limestone":349,"minecraft:tuff":2,"minecraft:oak_log":10,"biomesoplenty:jacaranda_planks":12,"minecraft:string":3,"minecraft:dirt":17,"minecraft:oak_trapdoor":1,"minecraft:bone":2,"minecraft:wheat_seeds":3,"minecraft:cobbled_deepslate":73,"minecraft:spruce_planks":1,"minecraft:stone_pickaxe":8,"fishofthieves:earthworms":1,"minecraft:jungle_sapling":2,"alexscaves:curly_fern":4,"minecraft:glass_bottle":2,"minecraft:sugar_cane":45,"farmersdelight:golden_knife":3,"minecraft:oak_planks":96,"minecraft:raw_iron":7,"minecraft:stick":26,"minecraft:torch":6,"minecraft:sand":3,"minecraft:jungle_planks":5,"minecraft:spruce_sapling":60,"minecraft:ink_sac":2,"minecraft:blast_furnace":2,"minecraft:spruce_log":166,"minecraft:light_blue_bed":1,"alexsmobs:animal_dictionary":2,"biomesoplenty:mahogany_log":6,"minecraft:stone_sword":3,"minecraft:spruce_fence_gate":5,"minecraft:arrow":1,"distorted_discs:nether_02":4,"biomesoplenty:jacaranda_log":2,"minecraft:hay_block":22,"minecraft:emerald":11,"minecraft:bread":80,"minecraft:terracotta":2,"minecraft:coal":67,"minecraft:cobblestone":343},"minecraft:crafted":{"minecraft:glass_bottle":3,"minecraft:oak_planks":40,"biomesoplenty:jacaranda_planks":8,"minecraft:crafting_table":5,"minecraft:wooden_pickaxe":1,"minecraft:furnace":1,"minecraft:bread":18,"minecraft:air":0,"minecraft:jungle_planks":16,"minecraft:glass":3,"minecraft:stick":4,"minecraft:iron_pickaxe":1,"minecraft:iron_ingot":7,"minecraft:stone_pickaxe":3,"minecraft:stone_sword":1,"minecraft:torch":4,"minecraft:wheat":54},"minecraft:custom":{"minecraft:interact_with_furnace":2,"minecraft:mob_kills":7,"minecraft:play_record":3,"minecraft:interact_with_crafting_table":10,"minecraft:leave_game":1,"minecraft:time_since_death":24320,"minecraft:sleep_in_bed":2,"minecraft:climb_one_cm":232,"minecraft:time_since_rest":24348,"minecraft:sprint_one_cm":128683,"minecraft:damage_taken":2175,"minecraft:walk_one_cm":182402,"minecraft:drop":22,"minecraft:damage_dealt":1803,"minecraft:swim_one_cm":8323,"minecraft:fly_one_cm":130566,"minecraft:open_chest":19,"minecraft:crouch_one_cm":743,"minecraft:play_time":89713,"minecraft:deaths":7,"minecraft:sneak_time":1377,"minecraft:walk_under_water_one_cm":9983,"minecraft:jump":926,"minecraft:interact_with_blast_furnace":5,"minecraft:walk_on_water_one_cm":21845,"minecraft:total_world_time":89713,"minecraft:fall_one_cm":17679},"minecraft:mined":{"minecraft:light_blue_stained_glass_pane":3,"minecraft:tuff":2,"minecraft:spruce_planks":1,"minecraft:jungle_leaves":2,"alexscaves:limestone":99,"minecraft:torch":2,"minecraft:blast_furnace":3,"minecraft:grass_block":4,"minecraft:jungle_planks":1,"minecraft:jungle_log":4,"minecraft:white_stained_glass_pane":2,"biomesoplenty:sprout":2,"minecraft:sugar_cane":4,"minecraft:nether_wart":7,"minecraft:wall_torch":1,"minecraft:large_fern":2,"minecraft:hay_block":11,"minecraft:oak_trapdoor":1,"minecraft:light_blue_bed":1,"minecraft:iron_ore":7,"biomesoplenty:maple_leaves":1,"minecraft:anvil":1,"minecraft:peony":1,"minecraft:green_stained_glass":2,"minecraft:grass":3,"minecraft:oak_log":10,"minecraft:coal_ore":33,"biomesoplenty:webbing":10,"minecraft:sand":6,"minecraft:dirt":2,"biomesoplenty:stringy_cobweb":1,"alexscaves:curly_fern":1,"minecraft:terracotta":2,"minecraft:spruce_fence_gate":1,"minecraft:stone":185,"minecraft:deepslate":69,"minecraft:fern":5},"minecraft:killed_by":{"minecraft:player":1,"minecraft:skeleton":2},"minecraft:used":{"minecraft:oak_trapdoor":1,"minecraft:stone_sword":24,"minecraft:glass_bottle":18,"minecraft:stone_pickaxe":384,"farmersdelight:golden_knife":10,"minecraft:wooden_pickaxe":5,"minecraft:torch":6,"minecraft:crafting_table":5,"minecraft:jungle_planks":16,"minecraft:blast_furnace":1,"alexscaves:limestone":7,"distorted_discs:nether_02":3,"minecraft:grass_block":3,"minecraft:bread":11,"minecraft:iron_pickaxe":31,"minecraft:light_blue_bed":1,"minecraft:cobblestone":2,"minecraft:potion":16,"minecraft:furnace":1,"minecraft:air":2,"minecraft:jukebox":1},"minecraft:killed":{"minecraft:cave_spider":1,"minecraft:spider":1,"minecraft:skeleton":1,"minecraft:zombie":4}},"DataVersion":3465}