{"stats":{"minecraft:custom":{"minecraft:interact_with_anvil":2,"minecraft:mob_kills":119,"minecraft:interact_with_crafting_table":58,"minecraft:open_barrel":5,"minecraft:leave_game":3,"minecraft:time_since_death":77319,"minecraft:climb_one_cm":5182,"minecraft:sprint_one_cm":577781,"minecraft:walk_one_cm":562038,"minecraft:damage_blocked_by_shield":1590,"minecraft:drop":124,"minecraft:talked_to_villager":1,"minecraft:play_time":232970,"minecraft:deaths":9,"minecraft:sneak_time":2065,"minecraft:walk_under_water_one_cm":43484,"minecraft:boat_one_cm":611669,"minecraft:jump":4188,"minecraft:walk_on_water_one_cm":71127,"minecraft:total_world_time":232970,"minecraft:interact_with_furnace":21,"minecraft:sleep_in_bed":9,"minecraft:time_since_rest":74231,"minecraft:damage_taken":6168,"minecraft:damage_dealt":19175,"minecraft:swim_one_cm":2767,"minecraft:fly_one_cm":1062559,"minecraft:open_chest":83,"minecraft:crouch_one_cm":3687,"minecraft:fall_one_cm":102074},"minecraft:killed_by":{"minecraft:spider":1,"minecraft:enderman":1,"creeperoverhaul:cave_creeper":1,"alexsmobs:centipede_head":4,"minecraft:skeleton":1,"minecraft:zombie":1},"minecraft:picked_up":{"minecraft:crafting_table":3,"minecraft:iron_chestplate":9,"minecraft:anvil":1,"aether:iron_gloves":6,"minecraft:gold_block":4,"minecraft:enchanted_book":28,"distorted_discs:ow_18":2,"travelersbackpack:spider":4,"minecraft:shield":6,"alexsmobs:gazelle_horn":1,"minecraft:string":7,"minecraft:red_bed":5,"minecraft:moss_carpet":9,"minecraft:iron_leggings":3,"biomesoplenty:tall_lavender":1,"minecraft:cobbled_deepslate":26,"minecraft:gold_nugget":5,"minecraft:beef":59,"minecraft:oak_boat":1,"alexsmobs:raccoon_tail":1,"minecraft:poppy":1,"minecraft:iron_pickaxe":8,"minecraft:chest":1,"farmersdelight:cabbage_seeds":2,"minecraft:furnace":6,"minecraft:jukebox":1,"minecraft:stick":3,"minecraft:raw_iron":109,"minecraft:torch":106,"minecraft:porkchop":15,"minecraft:redstone":7,"minecraft:dark_oak_planks":6,"minecraft:stone_sword":1,"minecraft:arrow":5,"minecraft:rotten_flesh":37,"biomesoplenty:jacaranda_log":11,"minecraft:light_blue_wool":2,"minecraft:beetroot_seeds":3,"alexsmobs:flying_fish_boots":5,"minecraft:hay_block":10,"minecraft:glow_berries":2,"minecraft:cobblestone":321,"alexsmobs:flying_fish":18,"minecraft:obsidian":85,"minecraft:mutton":14,"minecraft:iron_bars":2,"alexsmobs:kangaroo_meat":4,"minecraft:white_wool":7,"minecraft:birch_log":26,"minecraft:lilac":1,"minecraft:water_bucket":10,"minecraft:leather":31,"alexsmobs:bison_fur":2,"minecraft:potato":209,"minecraft:birch_planks":400,"fishofthieves:grubs":10,"minecraft:oak_log":44,"minecraft:lily_pad":1,"minecraft:magenta_bed":1,"minecraft:gunpowder":5,"minecraft:cobblestone_stairs":2,"minecraft:dirt":13,"minecraft:name_tag":2,"minecraft:bone":82,"minecraft:apple":417,"minecraft:stone_bricks":2,"minecraft:bow":8,"minecraft:wheat_seeds":8,"minecraft:deepslate_brick_slab":1,"alexsmobs:cockroach_wing_fragment":1,"minecraft:iron_ingot":40,"fishofthieves:earthworms":1,"minecraft:oak_planks":295,"minecraft:iron_sword":6,"minecraft:book":86,"minecraft:scaffolding":2,"minecraft:birch_boat":1,"minecraft:music_disc_13":1,"minecraft:dandelion":1,"minecraft:gravel":4,"minecraft:sand":79,"minecraft:cyan_bed":2,"minecraft:dark_oak_log":5,"alexsmobs:animal_dictionary":1,"minecraft:spider_eye":6,"minecraft:mossy_cobblestone":3,"minecraft:clay":1,"minecraft:diamond":41,"minecraft:stone_axe":4,"minecraft:iron_helmet":3,"minecraft:gray_wool":2,"minecraft:emerald":5,"minecraft:bread":325,"minecraft:oak_sapling":1,"minecraft:coal":26},"minecraft:mined":{"minecraft:light_blue_wool":2,"minecraft:mossy_cobblestone":3,"minecraft:deepslate_diamond_ore":27,"minecraft:cobblestone_stairs":2,"minecraft:dark_oak_log":5,"minecraft:obsidian":2,"minecraft:cobbled_deepslate_slab":1,"minecraft:grass_block":5,"minecraft:moss_block":2,"minecraft:deepslate_brick_slab":1,"minecraft:large_fern":1,"minecraft:hay_block":10,"biomesoplenty:jacaranda_log":6,"biomesoplenty:tall_lavender":1,"minecraft:furnace":3,"minecraft:iron_ore":22,"minecraft:cobbled_deepslate":1,"biomesoplenty:lavender":1,"minecraft:anvil":1,"minecraft:gold_block":1,"minecraft:vine":1,"minecraft:deepslate_iron_ore":20,"minecraft:bookshelf":14,"minecraft:red_tulip":1,"minecraft:dirt_path":1,"minecraft:iron_bars":2,"biomesoplenty:barley":13,"minecraft:stone":143,"travelersbackpack:spider":4,"minecraft:deepslate_redstone_ore":1,"minecraft:scaffolding":1,"minecraft:red_bed":1,"minecraft:dandelion":2,"minecraft:crafting_table":3,"minecraft:torch":3,"minecraft:emerald_ore":1,"minecraft:chest":1,"minecraft:tall_grass":16,"minecraft:cobblestone":36,"minecraft:cyan_bed":2,"minecraft:oak_planks":1,"minecraft:wall_torch":1,"farmersdelight:wild_beetroots":2,"biomesoplenty:yellow_autumn_leaves":3,"minecraft:birch_log":26,"minecraft:magenta_bed":1,"minecraft:lilac":1,"minecraft:jukebox":1,"minecraft:grass":42,"minecraft:coal_ore":28,"minecraft:oak_log":44,"minecraft:gravel":1,"minecraft:sand":78,"minecraft:dirt":5,"minecraft:stone_bricks":2,"minecraft:deepslate":22,"minecraft:iron_trapdoor":1},"minecraft:used":{"minecraft:stone_sword":162,"minecraft:chest":1,"minecraft:shield":25,"minecraft:iron_sword":77,"minecraft:iron_chestplate":2,"minecraft:torch":48,"minecraft:anvil":1,"minecraft:wooden_axe":46,"biomesoplenty:tall_lavender":1,"minecraft:iron_boots":1,"biomesoplenty:jacaranda_log":1,"minecraft:stone_bricks":2,"minecraft:bow":3,"minecraft:dark_oak_boat":1,"minecraft:scaffolding":1,"minecraft:goat_horn":3,"minecraft:furnace":5,"minecraft:cobbled_deepslate":10,"travelersbackpack:spider":1,"minecraft:water_bucket":18,"minecraft:stone_pickaxe":38,"minecraft:oak_planks":5,"minecraft:birch_boat":1,"minecraft:wooden_pickaxe":6,"minecraft:crafting_table":17,"minecraft:magenta_bed":1,"simplyswords:diamond_claymore":162,"minecraft:diamond_pickaxe":113,"minecraft:apple":7,"minecraft:bread":83,"minecraft:cyan_bed":2,"minecraft:iron_pickaxe":178,"minecraft:gravel":1,"minecraft:stone_axe":43,"minecraft:cobblestone":88,"minecraft:bucket":18,"minecraft:oak_boat":5,"minecraft:jukebox":1,"minecraft:experience_bottle":1},"minecraft:dropped":{"minecraft:porkchop":15,"minecraft:wheat_seeds":3,"minecraft:lilac":1,"minecraft:mossy_cobblestone":3,"alexsmobs:kangaroo_meat":1,"minecraft:iron_helmet":1,"minecraft:cobblestone":5,"minecraft:leather":8,"minecraft:apple":1,"alexsmobs:bison_fur":2,"biomesoplenty:jacaranda_log":5,"minecraft:stick":5,"minecraft:cobblestone_stairs":2,"minecraft:dirt":6,"minecraft:gray_wool":2,"minecraft:torch":1,"minecraft:mutton":9,"minecraft:iron_leggings":1,"minecraft:sand":1,"minecraft:iron_pickaxe":2,"alexsmobs:raccoon_tail":1,"minecraft:dark_oak_planks":2,"minecraft:white_wool":3,"minecraft:redstone":6,"minecraft:lily_pad":1,"fishofthieves:grubs":10,"minecraft:bone":2,"minecraft:gravel":3,"minecraft:moss_carpet":9,"alexsmobs:gazelle_horn":1,"minecraft:iron_nugget":5,"minecraft:stone_sword":1,"minecraft:cobbled_deepslate":16,"minecraft:deepslate_brick_slab":1,"minecraft:rotten_flesh":5,"minecraft:light_gray_wool":1,"minecraft:iron_boots":1,"minecraft:oak_planks":1,"aether:iron_gloves":1,"minecraft:iron_chestplate":2,"minecraft:beetroot_seeds":1,"minecraft:birch_boat":1,"minecraft:stone_pickaxe":1,"minecraft:wooden_pickaxe":1,"minecraft:beef":4,"minecraft:scaffolding":1},"minecraft:crafted":{"minecraft:oak_planks":176,"travelersbackpack:crafting_upgrade":1,"minecraft:iron_nugget":9,"minecraft:dark_oak_boat":1,"minecraft:birch_boat":1,"minecraft:furnace":3,"travelersbackpack:blank_upgrade":4,"travelersbackpack:gold_tier_upgrade":1,"minecraft:glass":24,"minecraft:diamond_helmet":1,"minecraft:diamond_leggings":1,"minecraft:bow":1,"minecraft:iron_boots":1,"travelersbackpack:gray_sleeping_bag":1,"travelersbackpack:light_gray_sleeping_bag":1,"minecraft:stone_pickaxe":2,"minecraft:diamond_boots":1,"minecraft:chest":2,"minecraft:dark_oak_planks":20,"alexsmobs:flying_fish_boots":1,"travelersbackpack:diamond_tier_upgrade":1,"travelersbackpack:spider":1,"minecraft:wheat":90,"minecraft:crafting_table":16,"travelersbackpack:backpack_tank":4,"minecraft:wooden_pickaxe":2,"travelersbackpack:standard":1,"minecraft:iron_sword":1,"minecraft:birch_planks":104,"minecraft:stone_axe":1,"minecraft:bread":30,"minecraft:air":0,"minecraft:oak_boat":4,"minecraft:diamond_pickaxe":1,"minecraft:shield":1,"minecraft:stick":40,"minecraft:iron_ingot":42,"minecraft:iron_pickaxe":1,"minecraft:wooden_axe":1,"minecraft:iron_block":3,"minecraft:stone_sword":1,"minecraft:iron_leggings":1,"minecraft:gold_ingot":10,"minecraft:anvil":1,"simplyswords:diamond_sai":1,"minecraft:torch":48,"simplyswords:diamond_claymore":1,"travelersbackpack:light_blue_sleeping_bag":1,"minecraft:diamond_chestplate":1},"minecraft:killed":{"minecraft:witch":2,"alexsmobs:raccoon":1,"minecraft:spider":9,"minecraft:horse":4,"minecraft:skeleton":9,"alexsmobs:bison":1,"alexsmobs:centipede_head":1,"alexsmobs:kangaroo":1,"alexsmobs:flying_fish":4,"minecraft:pig":6,"minecraft:zombie_villager":1,"minecraft:iron_golem":1,"minecraft:creeper":2,"minecraft:sheep":9,"alexsmobs:cockroach":1,"minecraft:zombie":37,"alexsmobs:gazelle":2,"minecraft:enderman":1,"minecraft:cow":27}},"DataVersion":3465}