{"stats":{"minecraft:killed_by":{"minecraft:zombie":1},"minecraft:mined":{"minecraft:light_blue_wool":2,"minecraft:mossy_cobblestone":3,"minecraft:cobblestone_stairs":2,"minecraft:dandelion":2,"minecraft:crafting_table":3,"minecraft:grass_block":4,"minecraft:chest":1,"minecraft:tall_grass":13,"minecraft:cobblestone":29,"minecraft:cyan_bed":2,"minecraft:oak_planks":1,"minecraft:hay_block":10,"biomesoplenty:jacaranda_log":6,"biomesoplenty:tall_lavender":1,"minecraft:iron_ore":2,"biomesoplenty:lavender":1,"minecraft:lilac":1,"minecraft:jukebox":1,"minecraft:red_tulip":1,"minecraft:grass":26,"minecraft:bookshelf":14,"minecraft:oak_log":25,"minecraft:dirt_path":1,"minecraft:iron_bars":2,"minecraft:sand":42,"minecraft:dirt":3,"biomesoplenty:barley":13,"minecraft:stone":6,"minecraft:stone_bricks":2},"minecraft:picked_up":{"minecraft:crafting_table":3,"minecraft:lilac":1,"minecraft:water_bucket":1,"minecraft:leather":15,"minecraft:enchanted_book":10,"fishofthieves:grubs":8,"distorted_discs:ow_18":2,"minecraft:oak_log":25,"minecraft:shield":1,"minecraft:gunpowder":5,"minecraft:cobblestone_stairs":2,"minecraft:string":5,"minecraft:dirt":10,"minecraft:moss_carpet":8,"minecraft:name_tag":2,"biomesoplenty:tall_lavender":1,"minecraft:bone":8,"minecraft:apple":55,"minecraft:stone_bricks":2,"minecraft:bow":2,"minecraft:wheat_seeds":7,"minecraft:gold_nugget":5,"minecraft:iron_ingot":14,"minecraft:beef":19,"minecraft:poppy":1,"minecraft:iron_pickaxe":1,"minecraft:chest":1,"minecraft:raw_iron":2,"minecraft:oak_planks":11,"farmersdelight:cabbage_seeds":2,"minecraft:book":86,"minecraft:jukebox":1,"minecraft:stick":3,"minecraft:music_disc_13":1,"minecraft:dandelion":1,"minecraft:sand":43,"minecraft:spider_eye":4,"minecraft:light_blue_wool":2,"minecraft:cyan_bed":2,"minecraft:redstone":1,"minecraft:mossy_cobblestone":3,"alexsmobs:animal_dictionary":1,"minecraft:arrow":3,"minecraft:stone_sword":1,"minecraft:rotten_flesh":13,"biomesoplenty:jacaranda_log":11,"minecraft:beetroot_seeds":2,"minecraft:hay_block":10,"alexsmobs:kangaroo_meat":1,"minecraft:bread":63,"minecraft:oak_sapling":1,"alexsmobs:flying_fish":4,"minecraft:mutton":4,"minecraft:iron_bars":2,"minecraft:white_wool":3,"minecraft:cobblestone":37},"minecraft:killed":{"minecraft:witch":2,"minecraft:spider":7,"minecraft:iron_golem":1,"minecraft:creeper":1,"minecraft:skeleton":3,"minecraft:sheep":3,"minecraft:zombie":13,"alexsmobs:flying_fish":4,"minecraft:cow":13},"minecraft:dropped":{"minecraft:moss_carpet":8,"minecraft:wheat_seeds":2,"minecraft:lilac":1,"minecraft:stone_sword":1,"minecraft:mossy_cobblestone":3,"minecraft:cobblestone":1,"minecraft:rotten_flesh":3,"minecraft:light_gray_wool":1,"minecraft:leather":7,"biomesoplenty:jacaranda_log":5,"minecraft:stick":5,"minecraft:cobblestone_stairs":2,"minecraft:dirt":6,"minecraft:gray_wool":1,"minecraft:sand":1,"minecraft:beef":2,"fishofthieves:grubs":8,"minecraft:bone":2},"minecraft:used":{"minecraft:stone_sword":162,"minecraft:oak_planks":3,"minecraft:wooden_pickaxe":3,"minecraft:chest":1,"minecraft:shield":13,"minecraft:iron_sword":40,"minecraft:iron_chestplate":1,"minecraft:crafting_table":8,"minecraft:wooden_axe":46,"minecraft:apple":2,"minecraft:cyan_bed":2,"minecraft:bread":39,"biomesoplenty:tall_lavender":1,"minecraft:iron_pickaxe":51,"minecraft:bow":3,"biomesoplenty:jacaranda_log":1,"minecraft:stone_bricks":2,"minecraft:stone_axe":14,"minecraft:cobblestone":16,"minecraft:furnace":1,"minecraft:oak_boat":1,"minecraft:jukebox":1,"minecraft:experience_bottle":1},"minecraft:crafted":{"minecraft:oak_planks":100,"minecraft:crafting_table":6,"travelersbackpack:backpack_tank":2,"minecraft:wooden_pickaxe":1,"travelersbackpack:standard":1,"minecraft:iron_sword":1,"minecraft:furnace":1,"minecraft:stone_axe":1,"minecraft:oak_boat":1,"minecraft:bread":30,"minecraft:air":0,"minecraft:glass":12,"minecraft:bow":1,"minecraft:shield":1,"travelersbackpack:gray_sleeping_bag":1,"minecraft:stick":20,"travelersbackpack:light_gray_sleeping_bag":1,"minecraft:iron_pickaxe":1,"minecraft:stone_pickaxe":1,"minecraft:wooden_axe":1,"minecraft:stone_sword":1,"minecraft:chest":1,"minecraft:gold_ingot":1,"travelersbackpack:spider":1,"travelersbackpack:light_blue_sleeping_bag":1,"minecraft:wheat":90},"minecraft:custom":{"minecraft:interact_with_furnace":4,"minecraft:mob_kills":47,"minecraft:interact_with_crafting_table":30,"minecraft:open_barrel":4,"minecraft:leave_game":2,"minecraft:time_since_death":58878,"minecraft:sleep_in_bed":4,"minecraft:climb_one_cm":2211,"minecraft:time_since_rest":5952,"minecraft:sprint_one_cm":255566,"minecraft:damage_taken":2108,"minecraft:walk_one_cm":265389,"minecraft:damage_blocked_by_shield":795,"minecraft:drop":51,"minecraft:damage_dealt":7779,"minecraft:swim_one_cm":2767,"minecraft:talked_to_villager":1,"minecraft:fly_one_cm":351996,"minecraft:open_chest":53,"minecraft:crouch_one_cm":838,"minecraft:play_time":85430,"minecraft:deaths":1,"minecraft:sneak_time":1069,"minecraft:walk_under_water_one_cm":8677,"minecraft:boat_one_cm":40541,"minecraft:jump":1417,"minecraft:walk_on_water_one_cm":7014,"minecraft:total_world_time":85430,"minecraft:fall_one_cm":33430}},"DataVersion":3465}